,Repository,block_type,Classification
0,VoxFormer,F,E
1,VoxFormer,F,A
2,VoxFormer,F,D
3,VoxFormer,F,A
4,VoxFormer,M,B
5,VoxFormer,C,A
6,VoxFormer,M,A
7,VoxFormer,M,A
8,VoxFormer,M,A
9,VoxFormer,M,A
10,VoxFormer,M,A
11,VoxFormer,M,A
12,VoxFormer,F,B
13,VoxFormer,F,B
14,VoxFormer,F,A
15,VoxFormer,F,A
16,VoxFormer,F,A
17,VoxFormer,F,A
18,VoxFormer,F,D
19,VoxFormer,M,C
20,VoxFormer,C,B
21,VoxFormer,M,A
22,VoxFormer,F,A
23,VoxFormer,M,A
24,VoxFormer,M,A
25,VoxFormer,F,A
26,VoxFormer,C,A
27,VoxFormer,M,A
28,VoxFormer,M,A
29,VoxFormer,M,A
30,VoxFormer,M,A
31,VoxFormer,M,A
32,VoxFormer,M,A
33,VoxFormer,C,A
34,VoxFormer,M,A
35,VoxFormer,M,A
36,VoxFormer,F,B
37,VoxFormer,F,A
38,VoxFormer,F,A
39,VoxFormer,F,A
40,VoxFormer,F,A
41,VoxFormer,F,A
42,VoxFormer,C,A
43,VoxFormer,M,A
44,VoxFormer,M,A
45,VoxFormer,M,B
46,VoxFormer,C,A
47,VoxFormer,M,A
48,VoxFormer,M,A
49,VoxFormer,M,A
50,VoxFormer,M,A
51,VoxFormer,M,A
52,VoxFormer,M,A
53,VoxFormer,M,C
54,VoxFormer,C,A
55,VoxFormer,M,A
56,VoxFormer,C,A
57,VoxFormer,M,A
58,VoxFormer,M,A
59,VoxFormer,M,A
60,VoxFormer,M,A
61,VoxFormer,M,A
62,VoxFormer,M,A
63,VoxFormer,M,C
64,VoxFormer,C,B
65,VoxFormer,M,A
66,VoxFormer,M,A
67,VoxFormer,C,A
68,VoxFormer,C,A
69,VoxFormer,M,A
70,VoxFormer,M,A
71,VoxFormer,M,A
72,VoxFormer,M,A
73,VoxFormer,M,C
74,VoxFormer,M,C
75,VoxFormer,C,B
76,VoxFormer,C,A
77,VoxFormer,M,A
78,VoxFormer,M,A
79,VoxFormer,M,A
80,VoxFormer,M,A
81,VoxFormer,M,C
82,VoxFormer,C,B
83,VoxFormer,C,A
84,VoxFormer,M,A
85,VoxFormer,M,A
86,VoxFormer,M,A
87,VoxFormer,M,A
88,VoxFormer,M,A
89,VoxFormer,M,C
90,VoxFormer,C,C
91,VoxFormer,M,C
92,VoxFormer,M,B
93,VoxFormer,C,A
94,VoxFormer,M,A
95,VoxFormer,M,A
96,VoxFormer,M,A
97,VoxFormer,M,A
98,VoxFormer,M,B
99,VoxFormer,F,A
100,VoxFormer,C,A
101,VoxFormer,M,A
102,VoxFormer,M,A
103,VoxFormer,M,A
104,VoxFormer,M,A
105,VoxFormer,M,B
106,VoxFormer,M,A
107,VoxFormer,M,A
108,VoxFormer,M,A
109,VoxFormer,C,A
110,VoxFormer,M,A
111,VoxFormer,M,A
112,VoxFormer,M,A
113,VoxFormer,M,A
114,VoxFormer,M,A
115,VoxFormer,M,A
116,VoxFormer,M,A
117,VoxFormer,M,A
118,VoxFormer,M,A
119,VoxFormer,M,A
120,VoxFormer,M,A
121,VoxFormer,M,A
122,VoxFormer,M,A
123,VoxFormer,M,A
124,VoxFormer,M,A
125,VoxFormer,F,B
126,VoxFormer,F,B
127,VoxFormer,F,A
128,VoxFormer,M,A
129,VoxFormer,M,A
130,VoxFormer,M,A
131,VoxFormer,M,A
132,VoxFormer,M,A
133,VoxFormer,C,A
134,VoxFormer,M,A
135,VoxFormer,M,A
136,VoxFormer,M,A
137,VoxFormer,M,A
138,VoxFormer,M,A
139,VoxFormer,M,A
140,VoxFormer,M,A
141,VoxFormer,M,A
142,VoxFormer,M,A
143,VoxFormer,M,B
144,VoxFormer,M,B
145,VoxFormer,C,A
146,VoxFormer,M,A
147,VoxFormer,M,A
148,VoxFormer,F,A
149,VoxFormer,C,A
150,VoxFormer,M,A
151,VoxFormer,M,A
152,VoxFormer,F,A
153,VoxFormer,C,A
154,VoxFormer,M,A
155,VoxFormer,M,B
156,VoxFormer,C,B
157,VoxFormer,M,B
158,VoxFormer,M,A
159,VoxFormer,F,A
160,VoxFormer,F,A
161,VoxFormer,F,A
162,VoxFormer,F,A
163,VoxFormer,F,A
164,VoxFormer,F,A
165,VoxFormer,F,A
166,VoxFormer,F,A
167,VoxFormer,F,A
168,VoxFormer,F,A
169,VoxFormer,F,A
170,VoxFormer,F,A
171,VoxFormer,F,A
172,VoxFormer,F,A
173,VoxFormer,F,A
174,VoxFormer,F,A
175,VoxFormer,F,A
176,VoxFormer,F,B
177,VoxFormer,F,B
178,VoxFormer,F,A
179,VoxFormer,F,A
180,VoxFormer,F,A
181,VoxFormer,F,A
182,VoxFormer,F,A
183,VoxFormer,F,A
184,VoxFormer,M,A
185,VoxFormer,C,A
186,VoxFormer,F,A
187,VoxFormer,M,A
188,VoxFormer,M,A
189,VoxFormer,M,A
190,VoxFormer,M,A
191,VoxFormer,M,A
192,VoxFormer,M,A
193,VoxFormer,M,A
194,VoxFormer,M,A
195,VoxFormer,M,A
196,VoxFormer,M,A
197,VoxFormer,M,A
198,VoxFormer,M,A
199,VoxFormer,F,B
200,VoxFormer,F,A
201,VoxFormer,F,B
202,VoxFormer,F,A
203,VoxFormer,F,A
204,VoxFormer,M,B
205,VoxFormer,M,B
206,VoxFormer,M,B
207,VoxFormer,M,B
208,VoxFormer,M,A
209,VoxFormer,M,A
210,VoxFormer,C,A
211,VoxFormer,C,A
212,VoxFormer,C,A
213,VoxFormer,M,A
214,VoxFormer,M,A
215,VoxFormer,C,A
216,VoxFormer,M,A
217,VoxFormer,M,A
218,VoxFormer,M,A
219,VoxFormer,M,A
220,VoxFormer,M,A
221,VoxFormer,M,A
222,VoxFormer,M,A
223,VoxFormer,M,A
224,VoxFormer,M,A
225,VoxFormer,M,A
226,VoxFormer,M,A
227,VoxFormer,M,A
228,VoxFormer,M,A
229,VoxFormer,M,A
230,VoxFormer,M,A
231,VoxFormer,M,A
232,VoxFormer,F,A
233,VoxFormer,F,A
234,VoxFormer,F,A
235,VoxFormer,F,A
236,VoxFormer,F,A
237,VoxFormer,F,A
238,VoxFormer,F,A
239,VoxFormer,F,A
240,VoxFormer,F,A
241,VoxFormer,M,B
242,VoxFormer,F,B
243,VoxFormer,F,B
244,VoxFormer,F,A
245,VoxFormer,C,A
246,VoxFormer,F,A
247,VoxFormer,F,A
248,VoxFormer,F,A
249,VoxFormer,C,A
250,VoxFormer,F,A
251,VoxFormer,F,A
252,VoxFormer,M,A
253,VoxFormer,M,A
254,VoxFormer,M,A
255,VoxFormer,M,A
256,VoxFormer,M,A
257,VoxFormer,C,B
258,VoxFormer,M,B
259,VoxFormer,M,A
260,VoxFormer,C,A
261,VoxFormer,M,A
262,VoxFormer,M,A
263,VoxFormer,M,B
264,VoxFormer,C,B
265,VoxFormer,C,A
266,VoxFormer,M,A
267,VoxFormer,M,A
268,VoxFormer,M,A
269,VoxFormer,F,A
270,VoxFormer,C,A
271,VoxFormer,M,A
272,VoxFormer,C,A
273,VoxFormer,M,A
274,VoxFormer,F,A
275,VoxFormer,F,A
276,VoxFormer,C,A
277,VoxFormer,M,A
278,VoxFormer,C,A
279,VoxFormer,F,A
280,VoxFormer,F,A
281,VoxFormer,F,A
282,VoxFormer,M,A
283,VoxFormer,M,A
284,VoxFormer,M,A
285,VoxFormer,M,A
286,VoxFormer,F,A
287,VoxFormer,F,A
288,VoxFormer,M,A
289,VoxFormer,M,A
290,pylot,F,C
291,pylot,F,B
292,pylot,F,A
293,pylot,F,A
294,pylot,F,A
295,pylot,F,A
296,pylot,F,A
297,pylot,F,C
298,pylot,F,A
299,pylot,F,A
300,pylot,F,A
301,pylot,F,D
302,pylot,F,A
303,pylot,F,C
304,pylot,F,B
305,pylot,F,B
306,pylot,F,B
307,pylot,F,A
308,pylot,F,A
309,pylot,F,A
310,pylot,F,A
311,pylot,F,A
312,pylot,F,A
313,pylot,F,A
314,pylot,F,A
315,pylot,F,A
316,pylot,F,A
317,pylot,F,A
318,pylot,F,A
319,pylot,F,A
320,pylot,F,A
321,pylot,F,A
322,pylot,F,A
323,pylot,F,A
324,pylot,F,A
325,pylot,F,E
326,pylot,F,A
327,pylot,F,A
328,pylot,F,A
329,pylot,F,A
330,pylot,F,A
331,pylot,F,A
332,pylot,F,A
333,pylot,F,A
334,pylot,F,A
335,pylot,F,A
336,pylot,F,A
337,pylot,F,A
338,pylot,F,A
339,pylot,F,A
340,pylot,F,A
341,pylot,F,A
342,pylot,F,A
343,pylot,F,A
344,pylot,F,A
345,pylot,F,A
346,pylot,F,A
347,pylot,F,A
348,pylot,F,A
349,pylot,F,A
350,pylot,F,A
351,pylot,F,A
352,pylot,F,A
353,pylot,F,A
354,pylot,F,A
355,pylot,F,A
356,pylot,F,A
357,pylot,F,A
358,pylot,F,A
359,pylot,F,A
360,pylot,F,A
361,pylot,F,A
362,pylot,F,A
363,pylot,F,A
364,pylot,F,A
365,pylot,F,A
366,pylot,F,A
367,pylot,F,A
368,pylot,F,A
369,pylot,F,A
370,pylot,F,A
371,pylot,F,A
372,pylot,F,A
373,pylot,F,A
374,pylot,F,A
375,pylot,F,A
376,pylot,F,A
377,pylot,F,A
378,pylot,F,A
379,pylot,F,A
380,pylot,F,B
381,pylot,F,A
382,pylot,M,A
383,pylot,M,A
384,pylot,M,A
385,pylot,M,A
386,pylot,M,A
387,pylot,M,A
388,pylot,C,A
389,pylot,M,A
390,pylot,F,A
391,pylot,C,A
392,pylot,M,A
393,pylot,C,A
394,pylot,M,A
395,pylot,M,A
396,pylot,C,A
397,pylot,M,A
398,pylot,C,A
399,pylot,C,A
400,pylot,C,A
401,pylot,M,A
402,pylot,M,A
403,pylot,M,A
404,pylot,M,A
405,pylot,C,A
406,pylot,C,A
407,pylot,F,A
408,pylot,F,A
409,pylot,F,A
410,pylot,M,A
411,pylot,M,A
412,pylot,M,A
413,pylot,M,A
414,pylot,M,A
415,pylot,M,A
416,pylot,M,A
417,pylot,M,A
418,pylot,M,A
419,pylot,M,A
420,pylot,M,A
421,pylot,M,A
422,pylot,M,A
423,pylot,M,A
424,pylot,M,A
425,pylot,M,A
426,pylot,M,A
427,pylot,M,A
428,pylot,M,A
429,pylot,M,A
430,pylot,M,A
431,pylot,M,A
432,pylot,M,A
433,pylot,M,A
434,pylot,M,A
435,pylot,M,A
436,pylot,M,A
437,pylot,M,A
438,pylot,M,A
439,pylot,M,A
440,pylot,M,A
441,pylot,M,A
442,pylot,M,A
443,pylot,M,A
444,pylot,M,A
445,pylot,M,A
446,pylot,M,A
447,pylot,M,A
448,pylot,M,A
449,pylot,M,A
450,pylot,M,A
451,pylot,M,A
452,pylot,M,A
453,pylot,M,A
454,pylot,M,A
455,pylot,M,A
456,pylot,M,A
457,pylot,M,A
458,pylot,M,A
459,pylot,C,A
460,pylot,C,A
461,pylot,C,A
462,pylot,C,A
463,pylot,M,A
464,pylot,M,A
465,pylot,M,A
466,pylot,M,A
467,pylot,M,A
468,pylot,M,A
469,pylot,F,C
470,pylot,F,B
471,pylot,F,B
472,pylot,F,B
473,pylot,F,B
474,pylot,F,B
475,pylot,F,B
476,pylot,F,A
477,pylot,F,A
478,pylot,F,A
479,pylot,C,A
480,pylot,M,A
481,pylot,M,A
482,pylot,M,A
483,pylot,M,B
484,pylot,C,A
485,pylot,M,A
486,pylot,M,A
487,pylot,M,A
488,pylot,C,A
489,pylot,M,A
490,pylot,M,A
491,pylot,M,A
492,pylot,C,A
493,pylot,M,A
494,pylot,M,A
495,pylot,C,A
496,pylot,M,A
497,pylot,M,A
498,pylot,M,A
499,pylot,C,A
500,pylot,M,A
501,pylot,M,A
502,pylot,M,A
503,pylot,C,A
504,pylot,M,A
505,pylot,M,A
506,pylot,M,A
507,pylot,C,A
508,pylot,M,A
509,pylot,M,A
510,pylot,M,A
511,pylot,M,C
512,pylot,C,A
513,pylot,M,A
514,pylot,M,A
515,pylot,M,A
516,pylot,M,A
517,pylot,M,A
518,pylot,M,A
519,pylot,M,A
520,pylot,M,A
521,pylot,M,A
522,pylot,M,A
523,pylot,M,A
524,pylot,C,A
525,pylot,M,A
526,pylot,M,A
527,pylot,M,A
528,pylot,M,A
529,pylot,M,A
530,pylot,M,A
531,pylot,M,A
532,pylot,C,A
533,pylot,M,A
534,pylot,M,A
535,pylot,C,A
536,pylot,M,A
537,pylot,M,A
538,pylot,M,A
539,pylot,M,A
540,pylot,M,A
541,pylot,C,A
542,pylot,M,A
543,pylot,M,A
544,pylot,M,A
545,pylot,M,A
546,pylot,C,A
547,pylot,M,A
548,pylot,M,A
549,pylot,M,A
550,pylot,M,A
551,pylot,C,A
552,pylot,M,A
553,pylot,M,A
554,pylot,M,A
555,pylot,M,A
556,pylot,M,A
557,pylot,C,A
558,pylot,M,A
559,pylot,M,A
560,pylot,M,A
561,pylot,M,A
562,pylot,M,C
563,pylot,M,B
564,pylot,C,A
565,pylot,M,A
566,pylot,M,A
567,pylot,M,A
568,pylot,M,A
569,pylot,M,C
570,pylot,M,B
571,pylot,C,A
572,pylot,M,A
573,pylot,M,A
574,pylot,C,A
575,pylot,M,A
576,pylot,C,A
577,pylot,C,A
578,pylot,C,A
579,pylot,M,A
580,pylot,C,A
581,pylot,C,A
582,pylot,F,A
583,pylot,F,A
584,pylot,M,A
585,pylot,M,A
586,pylot,M,A
587,pylot,M,A
588,pylot,M,A
589,pylot,M,A
590,pylot,M,A
591,pylot,M,A
592,pylot,M,A
593,pylot,M,A
594,pylot,M,A
595,pylot,M,A
596,pylot,M,A
597,pylot,M,A
598,pylot,M,A
599,pylot,M,A
600,pylot,M,A
601,pylot,M,A
602,pylot,M,A
603,pylot,M,A
604,pylot,M,A
605,pylot,M,A
606,pylot,M,A
607,pylot,M,A
608,pylot,M,A
609,pylot,M,A
610,pylot,M,A
611,pylot,M,A
612,pylot,M,A
613,pylot,M,A
614,pylot,M,A
615,pylot,M,A
616,pylot,C,A
617,pylot,M,A
618,pylot,M,A
619,pylot,M,A
620,pylot,M,A
621,pylot,C,A
622,pylot,M,A
623,pylot,M,A
624,pylot,M,A
625,pylot,C,A
626,pylot,M,A
627,pylot,M,A
628,pylot,M,A
629,pylot,M,A
630,pylot,M,A
631,pylot,C,A
632,pylot,M,A
633,pylot,M,A
634,pylot,M,A
635,pylot,M,A
636,pylot,M,A
637,pylot,M,A
638,pylot,M,A
639,pylot,M,A
640,pylot,M,A
641,pylot,M,A
642,pylot,M,A
643,pylot,M,A
644,pylot,M,A
645,pylot,C,A
646,pylot,M,A
647,pylot,M,A
648,pylot,M,A
649,pylot,M,A
650,pylot,M,A
651,pylot,M,A
652,pylot,M,A
653,pylot,M,A
654,pylot,M,B
655,pylot,C,A
656,pylot,M,A
657,pylot,M,A
658,pylot,M,A
659,pylot,M,A
660,pylot,F,A
661,pylot,F,A
662,pylot,F,A
663,pylot,C,A
664,pylot,M,A
665,pylot,M,A
666,pylot,M,A
667,pylot,M,C
668,pylot,M,A
669,pylot,C,A
670,pylot,M,A
671,pylot,M,A
672,pylot,M,A
673,pylot,M,A
674,pylot,M,A
675,pylot,M,A
676,pylot,M,A
677,pylot,M,A
678,pylot,C,A
679,pylot,M,A
680,pylot,M,A
681,pylot,M,A
682,pylot,M,A
683,pylot,M,A
684,pylot,M,A
685,pylot,M,A
686,pylot,M,A
687,pylot,M,A
688,pylot,M,A
689,pylot,M,A
690,pylot,M,A
691,pylot,F,B
692,pylot,F,A
693,pylot,F,A
694,pylot,F,A
695,pylot,F,A
696,pylot,F,A
697,pylot,C,A
698,pylot,M,A
699,pylot,M,A
700,pylot,M,A
701,pylot,M,D
702,pylot,M,C
703,pylot,M,C
704,pylot,C,B
705,pylot,M,B
706,pylot,M,B
707,pylot,M,B
708,pylot,M,A
709,pylot,M,A
710,pylot,M,A
711,pylot,M,A
712,pylot,M,B
713,pylot,M,B
714,pylot,M,A
715,pylot,M,A
716,pylot,C,A
717,pylot,M,A
718,pylot,M,A
719,pylot,M,A
720,pylot,M,A
721,pylot,M,A
722,pylot,M,A
723,pylot,M,A
724,pylot,M,A
725,pylot,M,A
726,pylot,M,A
727,pylot,M,A
728,pylot,M,A
729,pylot,M,C
730,pylot,M,B
731,pylot,C,A
732,pylot,M,A
733,pylot,M,A
734,pylot,C,A
735,pylot,M,A
736,pylot,M,A
737,pylot,M,A
738,pylot,M,A
739,pylot,M,A
740,pylot,M,A
741,pylot,M,A
742,pylot,M,A
743,pylot,M,A
744,pylot,F,B
745,pylot,F,A
746,pylot,C,A
747,pylot,C,A
748,pylot,C,A
749,pylot,M,A
750,pylot,M,A
751,pylot,M,A
752,pylot,M,A
753,pylot,M,A
754,pylot,M,A
755,pylot,C,A
756,pylot,M,A
757,pylot,M,A
758,pylot,M,A
759,pylot,C,A
760,pylot,M,A
761,pylot,M,A
762,pylot,M,A
763,pylot,C,A
764,pylot,M,A
765,pylot,M,A
766,pylot,M,A
767,pylot,M,A
768,pylot,M,A
769,pylot,M,A
770,pylot,M,B
771,pylot,C,A
772,pylot,M,A
773,pylot,M,A
774,pylot,M,A
775,pylot,M,A
776,pylot,M,A
777,pylot,M,A
778,pylot,M,B
779,pylot,M,A
780,pylot,C,A
781,pylot,M,A
782,pylot,M,A
783,pylot,M,A
784,pylot,M,A
785,pylot,M,A
786,pylot,F,A
787,pylot,M,A
788,pylot,M,A
789,pylot,C,A
790,pylot,M,A
791,pylot,M,A
792,pylot,M,A
793,pylot,M,A
794,pylot,M,A
795,pylot,M,A
796,pylot,M,A
797,pylot,M,A
798,pylot,M,A
799,pylot,M,A
800,pylot,M,B
801,pylot,C,A
802,pylot,M,A
803,pylot,M,A
804,pylot,M,A
805,pylot,M,A
806,pylot,M,A
807,pylot,M,A
808,pylot,M,A
809,pylot,M,A
810,pylot,M,A
811,pylot,M,B
812,pylot,M,B
813,pylot,M,A
814,pylot,M,A
815,pylot,C,A
816,pylot,M,A
817,pylot,M,A
818,pylot,M,A
819,pylot,M,A
820,pylot,M,A
821,pylot,C,A
822,pylot,M,A
823,pylot,M,A
824,pylot,M,A
825,pylot,M,A
826,pylot,M,A
827,pylot,M,A
828,pylot,M,A
829,pylot,M,A
830,pylot,M,A
831,pylot,M,A
832,pylot,F,C
833,pylot,F,B
834,pylot,F,B
835,pylot,F,B
836,pylot,F,A
837,pylot,F,A
838,pylot,F,A
839,pylot,F,A
840,pylot,F,A
841,pylot,F,A
842,pylot,F,A
843,pylot,F,A
844,pylot,F,A
845,pylot,F,A
846,pylot,F,A
847,pylot,F,A
848,pylot,F,A
849,pylot,F,A
850,pylot,F,A
851,pylot,F,A
852,pylot,F,A
853,pylot,F,A
854,pylot,C,A
855,pylot,C,A
856,pylot,M,A
857,pylot,C,A
858,pylot,M,A
859,pylot,C,A
860,pylot,M,A
861,pylot,M,A
862,pylot,M,A
863,pylot,M,A
864,pylot,M,A
865,pylot,M,A
866,pylot,M,A
867,pylot,M,B
868,pylot,C,A
869,pylot,M,A
870,pylot,M,A
871,pylot,M,A
872,pylot,M,A
873,pylot,M,A
874,pylot,M,A
875,pylot,M,A
876,pylot,C,A
877,pylot,M,A
878,pylot,M,A
879,pylot,M,A
880,pylot,M,A
881,pylot,M,C
882,pylot,M,B
883,pylot,F,A
884,pylot,C,A
885,pylot,F,A
886,pylot,M,A
887,pylot,F,A
888,pylot,F,A
889,pylot,M,A
890,pylot,M,A
891,pylot,F,A
892,pylot,M,A
893,pylot,M,A
894,pylot,F,A
895,pylot,M,A
896,pylot,M,A
897,pylot,M,A
898,pylot,F,C
899,pylot,M,C
900,pylot,C,B
901,pylot,F,A
902,pylot,F,A
903,pylot,M,A
904,pylot,M,A
905,pylot,F,A
906,pylot,F,A
907,pylot,M,A
908,pylot,M,B
909,pylot,C,A
910,pylot,M,A
911,pylot,M,A
912,pylot,M,A
913,pylot,M,A
914,pylot,M,A
915,pylot,M,A
916,pylot,M,A
917,pylot,F,A
918,pylot,F,A
919,pylot,M,A
920,pylot,M,A
921,pylot,M,A
922,pylot,M,A
923,pylot,M,A
924,pylot,M,A
925,pylot,M,A
926,pylot,M,B
927,pylot,M,B
928,pylot,M,B
929,pylot,M,B
930,pylot,M,B
931,pylot,M,A
932,pylot,C,A
933,pylot,M,A
934,pylot,M,A
935,pylot,M,A
936,pylot,M,A
937,pylot,M,A
938,pylot,M,A
939,pylot,M,A
940,pylot,M,A
941,pylot,M,A
942,pylot,M,A
943,pylot,M,A
944,pylot,M,A
945,pylot,M,A
946,pylot,M,A
947,pylot,M,C
948,pylot,C,A
949,pylot,M,A
950,pylot,M,A
951,pylot,M,A
952,pylot,M,A
953,pylot,M,A
954,pylot,M,A
955,pylot,M,A
956,pylot,M,A
957,pylot,M,A
958,pylot,M,A
959,pylot,M,A
960,pylot,M,A
961,pylot,M,A
962,pylot,M,A
963,pylot,C,A
964,pylot,M,A
965,pylot,M,A
966,pylot,M,A
967,pylot,M,A
968,pylot,M,A
969,pylot,M,A
970,pylot,M,A
971,pylot,M,A
972,pylot,M,A
973,pylot,M,A
974,pylot,C,A
975,pylot,M,A
976,pylot,M,A
977,pylot,M,A
978,pylot,M,A
979,pylot,M,A
980,pylot,M,A
981,pylot,M,A
982,pylot,M,A
983,pylot,M,A
984,pylot,M,A
985,pylot,M,A
986,pylot,M,A
987,pylot,M,A
988,pylot,M,A
989,pylot,M,A
990,pylot,M,B
991,pylot,M,B
992,pylot,M,B
993,pylot,C,A
994,pylot,M,A
995,pylot,M,A
996,pylot,M,A
997,pylot,M,A
998,pylot,M,A
999,pylot,M,A
1000,pylot,C,A
1001,pylot,M,A
1002,pylot,M,A
1003,pylot,M,A
1004,pylot,M,A
1005,pylot,M,A
1006,pylot,M,A
1007,pylot,M,B
1008,pylot,C,A
1009,pylot,C,A
1010,pylot,M,A
1011,pylot,C,A
1012,pylot,M,A
1013,pylot,C,A
1014,pylot,M,A
1015,pylot,C,A
1016,pylot,M,A
1017,pylot,C,A
1018,pylot,C,A
1019,pylot,M,A
1020,pylot,C,A
1021,pylot,C,A
1022,pylot,C,A
1023,pylot,C,A
1024,pylot,M,A
1025,pylot,M,A
1026,pylot,M,A
1027,pylot,M,A
1028,pylot,M,A
1029,pylot,M,A
1030,pylot,M,A
1031,pylot,M,A
1032,pylot,M,A
1033,pylot,M,A
1034,pylot,M,A
1035,pylot,M,A
1036,pylot,M,A
1037,pylot,M,A
1038,pylot,M,A
1039,pylot,M,A
1040,pylot,M,A
1041,pylot,M,A
1042,pylot,M,A
1043,pylot,M,A
1044,pylot,M,A
1045,pylot,M,A
1046,pylot,M,A
1047,pylot,M,A
1048,pylot,M,A
1049,pylot,M,A
1050,pylot,M,A
1051,pylot,M,A
1052,pylot,M,A
1053,pylot,C,A
1054,pylot,M,A
1055,pylot,M,A
1056,pylot,M,A
1057,pylot,M,A
1058,pylot,M,A
1059,pylot,M,A
1060,pylot,M,A
1061,pylot,M,A
1062,pylot,M,A
1063,pylot,M,A
1064,pylot,M,A
1065,pylot,M,A
1066,pylot,C,A
1067,pylot,M,A
1068,pylot,M,A
1069,pylot,M,A
1070,pylot,M,A
1071,pylot,M,A
1072,pylot,M,A
1073,pylot,M,A
1074,pylot,M,A
1075,pylot,C,A
1076,pylot,M,A
1077,pylot,M,A
1078,pylot,M,A
1079,pylot,C,A
1080,pylot,M,A
1081,pylot,M,A
1082,pylot,M,A
1083,pylot,M,A
1084,pylot,M,A
1085,pylot,M,A
1086,pylot,M,A
1087,pylot,M,A
1088,pylot,C,A
1089,pylot,M,A
1090,pylot,M,A
1091,pylot,M,A
1092,pylot,M,A
1093,pylot,M,A
1094,pylot,M,A
1095,pylot,M,A
1096,pylot,M,A
1097,pylot,M,A
1098,pylot,M,A
1099,pylot,M,A
1100,pylot,M,A
1101,pylot,M,A
1102,pylot,M,A
1103,pylot,M,B
1104,pylot,C,A
1105,pylot,M,A
1106,pylot,M,A
1107,pylot,M,C
1108,pylot,M,B
1109,pylot,C,A
1110,pylot,M,A
1111,pylot,M,A
1112,pylot,M,A
1113,pylot,M,A
1114,pylot,M,A
1115,pylot,M,A
1116,pylot,M,A
1117,pylot,M,A
1118,pylot,M,A
1119,pylot,M,A
1120,pylot,C,A
1121,pylot,C,A
1122,pylot,M,A
1123,pylot,M,A
1124,pylot,M,A
1125,pylot,M,A
1126,pylot,M,A
1127,pylot,M,A
1128,pylot,M,B
1129,pylot,C,A
1130,pylot,M,A
1131,pylot,M,A
1132,pylot,M,A
1133,pylot,M,A
1134,pylot,M,A
1135,pylot,M,A
1136,pylot,M,A
1137,pylot,M,B
1138,pylot,C,A
1139,pylot,M,A
1140,pylot,M,A
1141,pylot,M,C
1142,pylot,M,B
1143,pylot,C,A
1144,pylot,M,A
1145,pylot,M,A
1146,pylot,C,A
1147,pylot,M,A
1148,pylot,M,A
1149,pylot,M,A
1150,pylot,M,A
1151,pylot,M,A
1152,pylot,M,B
1153,pylot,M,A
1154,pylot,C,A
1155,pylot,M,A
1156,pylot,M,A
1157,pylot,M,A
1158,pylot,M,A
1159,pylot,M,A
1160,pylot,M,A
1161,pylot,M,A
1162,pylot,M,A
1163,pylot,M,A
1164,pylot,C,A
1165,pylot,M,A
1166,pylot,M,A
1167,pylot,M,A
1168,pylot,M,C
1169,pylot,M,B
1170,pylot,M,A
1171,pylot,C,A
1172,pylot,M,A
1173,pylot,M,A
1174,pylot,M,A
1175,pylot,M,A
1176,pylot,M,A
1177,pylot,M,A
1178,pylot,M,A
1179,pylot,M,A
1180,pylot,M,B
1181,pylot,C,B
1182,pylot,M,A
1183,pylot,C,A
1184,pylot,M,A
1185,pylot,M,A
1186,pylot,C,A
1187,pylot,M,A
1188,pylot,M,A
1189,pylot,M,A
1190,pylot,M,A
1191,pylot,C,A
1192,pylot,M,A
1193,pylot,M,A
1194,pylot,M,A
1195,pylot,M,A
1196,pylot,M,A
1197,pylot,C,A
1198,pylot,M,A
1199,pylot,M,A
1200,pylot,M,A
1201,pylot,M,A
1202,pylot,M,A
1203,pylot,M,A
1204,pylot,M,A
1205,pylot,C,A
1206,pylot,M,A
1207,pylot,M,A
1208,pylot,M,A
1209,pylot,M,A
1210,pylot,M,A
1211,pylot,M,A
1212,pylot,M,A
1213,pylot,M,C
1214,pylot,M,B
1215,pylot,C,A
1216,pylot,M,A
1217,pylot,M,A
1218,pylot,M,A
1219,pylot,M,A
1220,pylot,M,A
1221,pylot,M,B
1222,pylot,C,A
1223,pylot,M,A
1224,pylot,M,A
1225,pylot,M,B
1226,pylot,M,B
1227,pylot,M,B
1228,pylot,C,A
1229,pylot,M,A
1230,pylot,M,A
1231,pylot,M,A
1232,pylot,M,A
1233,pylot,C,A
1234,pylot,M,A
1235,pylot,M,A
1236,pylot,M,A
1237,pylot,M,A
1238,pylot,M,A
1239,pylot,M,A
1240,pylot,M,A
1241,pylot,M,A
1242,pylot,C,A
1243,pylot,M,A
1244,pylot,M,A
1245,pylot,M,A
1246,pylot,M,A
1247,pylot,M,A
1248,pylot,M,A
1249,pylot,C,A
1250,pylot,M,A
1251,pylot,M,A
1252,pylot,M,A
1253,pylot,M,A
1254,pylot,M,B
1255,pylot,C,A
1256,pylot,M,A
1257,pylot,M,A
1258,pylot,M,A
1259,pylot,M,A
1260,pylot,M,A
1261,pylot,M,C
1262,pylot,C,B
1263,pylot,M,A
1264,pylot,M,A
1265,pylot,C,A
1266,pylot,M,A
1267,pylot,M,A
1268,pylot,M,A
1269,pylot,C,A
1270,pylot,M,A
1271,pylot,M,A
1272,pylot,M,A
1273,pylot,F,C
1274,pylot,F,B
1275,pylot,F,B
1276,pylot,M,B
1277,pylot,F,B
1278,pylot,M,A
1279,pylot,M,A
1280,pylot,F,A
1281,pylot,F,A
1282,pylot,C,A
1283,pylot,F,A
1284,pylot,M,A
1285,pylot,C,A
1286,pylot,F,A
1287,pylot,M,A
1288,pylot,M,A
1289,pylot,M,A
1290,pylot,M,A
1291,pylot,M,A
1292,pylot,M,A
1293,pylot,M,A
1294,pylot,M,A
1295,pylot,M,A
1296,pylot,M,A
1297,pylot,M,A
1298,pylot,M,A
1299,pylot,M,A
1300,pylot,M,A
1301,pylot,M,A
1302,pylot,M,B
1303,pylot,M,B
1304,pylot,M,B
1305,pylot,M,A
1306,pylot,C,A
1307,pylot,M,A
1308,pylot,M,A
1309,pylot,M,A
1310,pylot,M,A
1311,pylot,M,A
1312,pylot,M,A
1313,pylot,M,A
1314,pylot,M,A
1315,pylot,M,A
1316,pylot,M,A
1317,pylot,M,A
1318,pylot,M,A
1319,pylot,M,A
1320,pylot,M,A
1321,pylot,M,A
1322,pylot,C,A
1323,pylot,M,A
1324,pylot,M,A
1325,pylot,M,A
1326,pylot,M,A
1327,pylot,M,A
1328,pylot,M,B
1329,pylot,M,A
1330,pylot,C,A
1331,pylot,M,A
1332,pylot,M,A
1333,pylot,M,A
1334,pylot,M,A
1335,pylot,M,A
1336,pylot,M,A
1337,pylot,M,A
1338,pylot,M,C
1339,pylot,C,A
1340,pylot,M,A
1341,pylot,F,A
1342,pylot,M,A
1343,pylot,M,A
1344,pylot,M,A
1345,pylot,M,C
1346,pylot,M,B
1347,pylot,M,B
1348,pylot,M,B
1349,pylot,C,A
1350,pylot,M,A
1351,pylot,M,A
1352,pylot,M,A
1353,pylot,M,A
1354,pylot,M,A
1355,pylot,M,A
1356,pylot,C,A
1357,pylot,M,A
1358,pylot,C,A
1359,pylot,M,A
1360,pylot,M,A
1361,pylot,M,A
1362,pylot,M,B
1363,pylot,C,A
1364,pylot,M,A
1365,pylot,M,A
1366,pylot,M,A
1367,pylot,M,A
1368,pylot,M,A
1369,pylot,M,A
1370,pylot,M,A
1371,pylot,M,A
1372,pylot,C,A
1373,pylot,M,A
1374,pylot,M,A
1375,pylot,M,A
1376,pylot,M,A
1377,pylot,C,A
1378,pylot,M,A
1379,pylot,M,A
1380,pylot,M,A
1381,pylot,M,A
1382,pylot,M,A
1383,pylot,M,A
1384,pylot,F,B
1385,pylot,F,A
1386,pylot,F,A
1387,pylot,M,A
1388,pylot,C,A
1389,pylot,M,A
1390,pylot,M,A
1391,pylot,M,A
1392,pylot,C,A
1393,pylot,M,A
1394,pylot,M,A
1395,pylot,M,A
1396,pylot,M,A
1397,pylot,M,A
1398,pylot,M,A
1399,pylot,M,A
1400,pylot,F,A
1401,pylot,C,A
1402,pylot,M,A
1403,pylot,M,A
1404,pylot,M,A
1405,pylot,M,A
1406,pylot,M,A
1407,pylot,M,A
1408,pylot,C,A
1409,pylot,M,A
1410,pylot,M,A
1411,pylot,M,A
1412,pylot,C,A
1413,pylot,M,A
1414,pylot,C,A
1415,pylot,F,A
1416,pylot,F,A
1417,pylot,M,A
1418,pylot,M,A
1419,pylot,M,A
1420,pylot,M,A
1421,pylot,M,A
1422,pylot,M,A
1423,pylot,M,A
1424,pylot,M,A
1425,pylot,M,A
1426,pylot,M,A
1427,pylot,M,A
1428,pylot,M,A
1429,pylot,M,B
1430,pylot,M,A
1431,pylot,C,A
1432,pylot,M,A
1433,pylot,M,A
1434,pylot,M,A
1435,pylot,M,A
1436,pylot,M,A
1437,pylot,M,A
1438,pylot,M,A
1439,pylot,M,B
1440,pylot,M,A
1441,pylot,C,A
1442,pylot,M,A
1443,pylot,M,A
1444,pylot,M,A
1445,pylot,M,A
1446,pylot,M,A
1447,pylot,M,A
1448,pylot,C,A
1449,pylot,C,A
1450,pylot,M,A
1451,pylot,M,A
1452,pylot,M,A
1453,pylot,M,A
1454,pylot,M,A
1455,pylot,M,A
1456,pylot,C,A
1457,pylot,M,A
1458,pylot,M,A
1459,pylot,M,A
1460,pylot,M,A
1461,pylot,M,A
1462,pylot,M,E
1463,pylot,M,C
1464,pylot,C,B
1465,pylot,M,A
1466,pylot,M,A
1467,pylot,M,A
1468,pylot,M,A
1469,pylot,M,A
1470,pylot,M,A
1471,pylot,M,A
1472,pylot,M,A
1473,pylot,M,A
1474,pylot,F,B
1475,pylot,F,B
1476,pylot,F,A
1477,pylot,F,A
1478,pylot,F,A
1479,pylot,F,A
1480,pylot,F,A
1481,pylot,F,A
1482,pylot,F,A
1483,pylot,F,A
1484,pylot,F,A
1485,pylot,F,A
1486,pylot,F,A
1487,pylot,F,A
1488,pylot,F,A
1489,pylot,F,A
1490,pylot,F,A
1491,pylot,F,A
1492,pylot,F,A
1493,pylot,F,A
1494,pylot,F,A
1495,pylot,F,B
1496,pylot,F,A
1497,pylot,F,A
1498,pylot,F,A
1499,pylot,F,A
1500,pylot,F,A
1501,pylot,F,A
1502,pylot,F,A
1503,pylot,C,A
1504,pylot,F,A
1505,pylot,F,A
1506,pylot,M,A
1507,pylot,M,A
1508,pylot,C,A
1509,pylot,C,A
1510,pylot,C,A
1511,pylot,M,A
1512,pylot,M,A
1513,pylot,M,A
1514,pylot,F,A
1515,pylot,F,A
1516,pylot,F,A
1517,pylot,F,A
1518,pylot,F,A
1519,pylot,F,A
1520,pylot,F,A
1521,pylot,F,A
1522,pylot,F,A
1523,pylot,F,A
1524,pylot,F,A
1525,pylot,F,A
1526,pylot,F,A
1527,pylot,F,A
1528,pylot,F,A
1529,pylot,F,A
1530,pylot,F,A
1531,pylot,F,A
1532,pylot,F,A
1533,pylot,F,A
1534,pylot,F,A
1535,pylot,F,A
1536,pylot,F,A
1537,pylot,F,A
1538,pylot,F,B
1539,pylot,F,A
1540,pylot,F,A
1541,pylot,F,A
1542,pylot,F,A
1543,pylot,F,A
1544,pylot,F,A
1545,pylot,F,A
1546,pylot,F,A
1547,pylot,F,B
1548,pylot,F,A
1549,pylot,F,A
1550,pylot,F,A
1551,pylot,F,A
1552,pylot,F,A
1553,pylot,F,A
1554,pylot,F,A
1555,pylot,F,B
1556,pylot,F,B
1557,pylot,F,B
1558,pylot,F,A
1559,pylot,F,A
1560,pylot,C,A
1561,pylot,M,A
1562,pylot,M,A
1563,pylot,M,A
1564,pylot,F,A
1565,pylot,F,A
1566,pylot,F,B
1567,pylot,F,C
1568,pylot,F,B
1569,pylot,F,B
1570,pylot,F,B
1571,pylot,F,A
1572,pylot,F,A
1573,pylot,F,A
1574,pylot,F,A
1575,pylot,F,A
1576,pylot,F,A
1577,pylot,F,A
1578,pylot,F,A
1579,pylot,F,A
1580,pylot,F,A
1581,pylot,F,A
1582,pylot,F,A
1583,pylot,F,A
1584,pylot,F,A
1585,pylot,F,A
1586,pylot,F,A
1587,pylot,F,A
1588,pylot,F,A
1589,pylot,F,A
1590,pylot,F,A
1591,pylot,F,A
1592,pylot,F,A
1593,pylot,F,A
1594,pylot,F,A
1595,pylot,F,A
1596,pylot,F,A
1597,Cam2BEV,F,A
1598,Cam2BEV,F,B
1599,Cam2BEV,F,A
1600,Cam2BEV,F,A
1601,Cam2BEV,F,A
1602,Cam2BEV,F,A
1603,Cam2BEV,F,A
1604,Cam2BEV,F,A
1605,Cam2BEV,F,A
1606,Cam2BEV,F,A
1607,Cam2BEV,C,A
1608,Cam2BEV,F,A
1609,Cam2BEV,F,A
1610,Cam2BEV,F,A
1611,Cam2BEV,F,A
1612,Cam2BEV,F,A
1613,Cam2BEV,M,A
1614,Cam2BEV,F,A
1615,Cam2BEV,F,A
1616,Cam2BEV,F,A
1617,Cam2BEV,F,A
1618,Cam2BEV,F,C
1619,Cam2BEV,F,B
1620,Cam2BEV,F,A
1621,Cam2BEV,F,A
1622,Cam2BEV,F,C
1623,Cam2BEV,F,B
1624,Cam2BEV,F,A
1625,Cam2BEV,F,A
1626,Cam2BEV,F,A
1627,Cam2BEV,F,A
1628,Cam2BEV,F,A
1629,Cam2BEV,F,A
1630,Cam2BEV,F,A
1631,Cam2BEV,C,A
1632,Cam2BEV,F,A
1633,Cam2BEV,F,A
1634,Cam2BEV,F,A
1635,Cam2BEV,F,A
1636,Cam2BEV,M,A
1637,Cam2BEV,M,A
1638,Cam2BEV,M,A
1639,Cam2BEV,M,A
1640,Cam2BEV,M,A
1641,Cam2BEV,M,A
1642,Cam2BEV,M,A
1643,Cam2BEV,F,C
1644,Cam2BEV,F,C
1645,Cam2BEV,C,A
1646,Cam2BEV,M,A
1647,Cam2BEV,M,A
1648,Cam2BEV,F,A
1649,Cam2BEV,C,A
1650,Cam2BEV,M,A
1651,Cam2BEV,M,A
1652,Cam2BEV,M,A
1653,Cam2BEV,M,A
1654,Cam2BEV,M,A
1655,PythonRobotics,F,B
1656,PythonRobotics,F,A
1657,PythonRobotics,F,A
1658,PythonRobotics,F,A
1659,PythonRobotics,F,A
1660,PythonRobotics,F,A
1661,PythonRobotics,F,A
1662,PythonRobotics,F,A
1663,PythonRobotics,F,A
1664,PythonRobotics,F,B
1665,PythonRobotics,F,B
1666,PythonRobotics,F,A
1667,PythonRobotics,F,A
1668,PythonRobotics,F,A
1669,PythonRobotics,F,A
1670,PythonRobotics,F,A
1671,PythonRobotics,F,A
1672,PythonRobotics,F,B
1673,PythonRobotics,F,A
1674,PythonRobotics,F,A
1675,PythonRobotics,F,A
1676,PythonRobotics,C,A
1677,PythonRobotics,F,A
1678,PythonRobotics,F,A
1679,PythonRobotics,M,A
1680,PythonRobotics,M,A
1681,PythonRobotics,M,B
1682,PythonRobotics,M,A
1683,PythonRobotics,M,A
1684,PythonRobotics,M,A
1685,PythonRobotics,C,A
1686,PythonRobotics,M,A
1687,PythonRobotics,M,A
1688,PythonRobotics,M,A
1689,PythonRobotics,M,A
1690,PythonRobotics,M,A
1691,PythonRobotics,F,A
1692,PythonRobotics,F,A
1693,PythonRobotics,F,A
1694,PythonRobotics,M,A
1695,PythonRobotics,M,A
1696,PythonRobotics,M,A
1697,PythonRobotics,M,A
1698,PythonRobotics,M,A
1699,PythonRobotics,M,A
1700,PythonRobotics,F,A
1701,PythonRobotics,F,A
1702,PythonRobotics,F,A
1703,PythonRobotics,F,A
1704,PythonRobotics,F,A
1705,PythonRobotics,F,A
1706,PythonRobotics,F,B
1707,PythonRobotics,F,B
1708,PythonRobotics,F,A
1709,PythonRobotics,F,A
1710,PythonRobotics,F,A
1711,PythonRobotics,M,B
1712,PythonRobotics,M,B
1713,PythonRobotics,C,A
1714,PythonRobotics,C,A
1715,PythonRobotics,M,A
1716,PythonRobotics,M,A
1717,PythonRobotics,M,A
1718,PythonRobotics,M,A
1719,PythonRobotics,M,A
1720,PythonRobotics,M,A
1721,PythonRobotics,M,A
1722,PythonRobotics,F,C
1723,PythonRobotics,M,B
1724,PythonRobotics,M,B
1725,PythonRobotics,M,B
1726,PythonRobotics,C,A
1727,PythonRobotics,M,A
1728,PythonRobotics,C,A
1729,PythonRobotics,M,A
1730,PythonRobotics,M,A
1731,PythonRobotics,M,A
1732,PythonRobotics,M,A
1733,PythonRobotics,M,A
1734,PythonRobotics,M,A
1735,PythonRobotics,M,A
1736,PythonRobotics,M,A
1737,PythonRobotics,M,A
1738,PythonRobotics,F,A
1739,PythonRobotics,C,A
1740,PythonRobotics,M,A
1741,PythonRobotics,F,A
1742,PythonRobotics,F,A
1743,PythonRobotics,M,A
1744,PythonRobotics,M,A
1745,PythonRobotics,F,A
1746,PythonRobotics,F,B
1747,PythonRobotics,F,B
1748,PythonRobotics,F,A
1749,PythonRobotics,F,A
1750,PythonRobotics,C,A
1751,PythonRobotics,F,A
1752,PythonRobotics,F,A
1753,PythonRobotics,F,A
1754,PythonRobotics,F,A
1755,PythonRobotics,F,A
1756,PythonRobotics,F,A
1757,PythonRobotics,F,A
1758,PythonRobotics,F,A
1759,PythonRobotics,M,A
1760,PythonRobotics,F,A
1761,PythonRobotics,F,A
1762,PythonRobotics,F,A
1763,PythonRobotics,M,B
1764,PythonRobotics,M,B
1765,PythonRobotics,C,A
1766,PythonRobotics,M,A
1767,PythonRobotics,C,A
1768,PythonRobotics,M,A
1769,PythonRobotics,M,A
1770,PythonRobotics,M,A
1771,PythonRobotics,M,A
1772,PythonRobotics,M,A
1773,PythonRobotics,M,A
1774,PythonRobotics,C,A
1775,PythonRobotics,M,A
1776,PythonRobotics,M,A
1777,PythonRobotics,M,A
1778,PythonRobotics,F,B
1779,PythonRobotics,M,A
1780,PythonRobotics,C,A
1781,PythonRobotics,M,A
1782,PythonRobotics,M,A
1783,PythonRobotics,M,A
1784,PythonRobotics,M,A
1785,PythonRobotics,M,A
1786,PythonRobotics,M,A
1787,PythonRobotics,M,A
1788,PythonRobotics,C,A
1789,PythonRobotics,M,A
1790,PythonRobotics,M,A
1791,PythonRobotics,M,A
1792,PythonRobotics,M,A
1793,PythonRobotics,M,A
1794,PythonRobotics,M,A
1795,PythonRobotics,M,A
1796,PythonRobotics,M,A
1797,PythonRobotics,M,A
1798,PythonRobotics,M,A
1799,PythonRobotics,M,A
1800,PythonRobotics,F,B
1801,PythonRobotics,F,B
1802,PythonRobotics,F,A
1803,PythonRobotics,F,A
1804,PythonRobotics,F,A
1805,PythonRobotics,F,A
1806,PythonRobotics,F,A
1807,PythonRobotics,F,A
1808,PythonRobotics,F,A
1809,PythonRobotics,C,A
1810,PythonRobotics,F,A
1811,PythonRobotics,F,A
1812,PythonRobotics,F,A
1813,PythonRobotics,F,A
1814,PythonRobotics,F,A
1815,PythonRobotics,F,A
1816,PythonRobotics,F,A
1817,PythonRobotics,M,A
1818,PythonRobotics,F,B
1819,PythonRobotics,F,A
1820,PythonRobotics,F,A
1821,PythonRobotics,F,A
1822,PythonRobotics,F,A
1823,PythonRobotics,F,A
1824,PythonRobotics,F,A
1825,PythonRobotics,F,A
1826,PythonRobotics,F,A
1827,PythonRobotics,F,A
1828,PythonRobotics,F,A
1829,PythonRobotics,F,A
1830,PythonRobotics,F,A
1831,PythonRobotics,F,A
1832,PythonRobotics,F,A
1833,PythonRobotics,F,A
1834,PythonRobotics,F,A
1835,PythonRobotics,F,A
1836,PythonRobotics,F,A
1837,PythonRobotics,F,A
1838,PythonRobotics,F,B
1839,PythonRobotics,F,B
1840,PythonRobotics,F,A
1841,PythonRobotics,F,A
1842,PythonRobotics,F,A
1843,PythonRobotics,F,A
1844,PythonRobotics,F,A
1845,PythonRobotics,F,A
1846,PythonRobotics,F,A
1847,PythonRobotics,C,A
1848,PythonRobotics,F,A
1849,PythonRobotics,F,A
1850,PythonRobotics,F,A
1851,PythonRobotics,F,A
1852,PythonRobotics,F,A
1853,PythonRobotics,F,A
1854,PythonRobotics,F,A
1855,PythonRobotics,F,A
1856,PythonRobotics,M,A
1857,PythonRobotics,F,B
1858,PythonRobotics,M,B
1859,PythonRobotics,C,B
1860,PythonRobotics,F,A
1861,PythonRobotics,F,A
1862,PythonRobotics,C,A
1863,PythonRobotics,C,A
1864,PythonRobotics,F,A
1865,PythonRobotics,M,A
1866,PythonRobotics,M,A
1867,PythonRobotics,M,A
1868,PythonRobotics,M,A
1869,PythonRobotics,M,A
1870,PythonRobotics,M,A
1871,PythonRobotics,F,B
1872,PythonRobotics,F,B
1873,PythonRobotics,F,A
1874,PythonRobotics,F,A
1875,PythonRobotics,F,A
1876,PythonRobotics,F,A
1877,PythonRobotics,C,A
1878,PythonRobotics,F,A
1879,PythonRobotics,F,A
1880,PythonRobotics,F,A
1881,PythonRobotics,M,A
1882,PythonRobotics,F,A
1883,PythonRobotics,F,A
1884,PythonRobotics,F,A
1885,PythonRobotics,F,A
1886,PythonRobotics,F,A
1887,PythonRobotics,C,A
1888,PythonRobotics,C,A
1889,PythonRobotics,M,A
1890,PythonRobotics,F,A
1891,PythonRobotics,M,A
1892,PythonRobotics,M,A
1893,PythonRobotics,M,A
1894,PythonRobotics,M,A
1895,PythonRobotics,M,A
1896,PythonRobotics,M,A
1897,PythonRobotics,M,A
1898,PythonRobotics,F,A
1899,PythonRobotics,C,A
1900,PythonRobotics,F,A
1901,PythonRobotics,C,A
1902,PythonRobotics,C,A
1903,PythonRobotics,M,A
1904,PythonRobotics,M,A
1905,PythonRobotics,M,A
1906,PythonRobotics,F,A
1907,PythonRobotics,F,A
1908,PythonRobotics,F,A
1909,PythonRobotics,M,A
1910,PythonRobotics,M,A
1911,PythonRobotics,M,A
1912,PythonRobotics,M,A
1913,PythonRobotics,M,A
1914,PythonRobotics,M,A
1915,PythonRobotics,F,B
1916,PythonRobotics,F,B
1917,PythonRobotics,F,B
1918,PythonRobotics,F,B
1919,PythonRobotics,F,A
1920,PythonRobotics,F,A
1921,PythonRobotics,F,A
1922,PythonRobotics,F,A
1923,PythonRobotics,F,A
1924,PythonRobotics,F,A
1925,PythonRobotics,F,A
1926,PythonRobotics,F,A
1927,PythonRobotics,F,A
1928,PythonRobotics,F,A
1929,PythonRobotics,F,A
1930,PythonRobotics,C,A
1931,PythonRobotics,F,A
1932,PythonRobotics,F,A
1933,PythonRobotics,F,A
1934,PythonRobotics,F,A
1935,PythonRobotics,F,A
1936,PythonRobotics,F,A
1937,PythonRobotics,M,A
1938,PythonRobotics,F,B
1939,PythonRobotics,F,A
1940,PythonRobotics,F,A
1941,PythonRobotics,F,A
1942,PythonRobotics,F,A
1943,PythonRobotics,F,A
1944,PythonRobotics,C,A
1945,PythonRobotics,F,A
1946,PythonRobotics,F,A
1947,PythonRobotics,F,A
1948,PythonRobotics,F,A
1949,PythonRobotics,M,A
1950,PythonRobotics,F,B
1951,PythonRobotics,F,A
1952,PythonRobotics,F,A
1953,PythonRobotics,F,A
1954,PythonRobotics,C,A
1955,PythonRobotics,F,A
1956,PythonRobotics,M,A
1957,PythonRobotics,M,A
1958,PythonRobotics,F,A
1959,PythonRobotics,F,A
1960,PythonRobotics,F,A
1961,PythonRobotics,F,A
1962,PythonRobotics,F,A
1963,PythonRobotics,F,B
1964,PythonRobotics,F,A
1965,PythonRobotics,F,A
1966,PythonRobotics,F,A
1967,PythonRobotics,F,A
1968,PythonRobotics,F,A
1969,PythonRobotics,F,A
1970,PythonRobotics,F,A
1971,PythonRobotics,F,A
1972,PythonRobotics,F,A
1973,PythonRobotics,F,A
1974,PythonRobotics,F,A
1975,PythonRobotics,F,A
1976,PythonRobotics,F,A
1977,PythonRobotics,F,A
1978,PythonRobotics,F,A
1979,PythonRobotics,F,A
1980,PythonRobotics,F,A
1981,PythonRobotics,F,A
1982,PythonRobotics,F,A
1983,PythonRobotics,F,A
1984,PythonRobotics,F,A
1985,PythonRobotics,F,A
1986,PythonRobotics,F,A
1987,PythonRobotics,F,A
1988,PythonRobotics,F,A
1989,PythonRobotics,F,A
1990,PythonRobotics,F,A
1991,PythonRobotics,F,A
1992,PythonRobotics,F,A
1993,PythonRobotics,F,A
1994,PythonRobotics,F,A
1995,PythonRobotics,F,A
1996,PythonRobotics,F,A
1997,PythonRobotics,F,A
1998,PythonRobotics,F,A
1999,PythonRobotics,F,A
2000,PythonRobotics,F,A
2001,PythonRobotics,F,A
2002,PythonRobotics,F,A
2003,PythonRobotics,F,B
2004,PythonRobotics,F,A
2005,PythonRobotics,F,A
2006,PythonRobotics,F,A
2007,PythonRobotics,F,A
2008,PythonRobotics,F,A
2009,PythonRobotics,F,A
2010,PythonRobotics,F,A
2011,PythonRobotics,F,A
2012,PythonRobotics,F,A
2013,PythonRobotics,F,A
2014,PythonRobotics,F,A
2015,PythonRobotics,F,A
2016,PythonRobotics,F,A
2017,PythonRobotics,F,A
2018,PythonRobotics,F,A
2019,PythonRobotics,F,A
2020,PythonRobotics,F,A
2021,PythonRobotics,F,A
2022,PythonRobotics,F,A
2023,PythonRobotics,F,A
2024,PythonRobotics,F,A
2025,PythonRobotics,F,A
2026,PythonRobotics,F,A
2027,PythonRobotics,F,A
2028,PythonRobotics,F,A
2029,PythonRobotics,F,A
2030,PythonRobotics,F,A
2031,PythonRobotics,F,A
2032,PythonRobotics,F,A
2033,PythonRobotics,F,A
2034,PythonRobotics,F,A
2035,PythonRobotics,F,A
2036,PythonRobotics,F,A
2037,PythonRobotics,F,A
2038,PythonRobotics,F,A
2039,PythonRobotics,F,A
2040,PythonRobotics,F,A
2041,PythonRobotics,F,A
2042,PythonRobotics,F,A
2043,PythonRobotics,F,A
2044,PythonRobotics,F,A
2045,PythonRobotics,F,A
2046,PythonRobotics,F,A
2047,PythonRobotics,F,A
2048,PythonRobotics,F,A
2049,PythonRobotics,F,A
2050,PythonRobotics,F,A
2051,PythonRobotics,F,A
2052,PythonRobotics,F,A
2053,PythonRobotics,F,A
2054,PythonRobotics,F,A
2055,PythonRobotics,F,A
2056,PythonRobotics,F,A
2057,PythonRobotics,F,A
2058,PythonRobotics,F,A
2059,PythonRobotics,F,A
2060,PythonRobotics,F,A
2061,PythonRobotics,F,A
2062,PythonRobotics,F,A
2063,PythonRobotics,F,A
2064,PythonRobotics,F,A
2065,PythonRobotics,F,A
2066,PythonRobotics,F,A
2067,PythonRobotics,F,A
2068,PythonRobotics,F,A
2069,PythonRobotics,F,A
2070,PythonRobotics,F,A
2071,PythonRobotics,F,A
2072,PythonRobotics,F,A
2073,PythonRobotics,F,A
2074,PythonRobotics,F,A
2075,PythonRobotics,F,A
2076,PythonRobotics,F,A
2077,PythonRobotics,F,A
2078,PythonRobotics,F,A
2079,PythonRobotics,F,A
2080,PythonRobotics,C,A
2081,PythonRobotics,F,A
2082,PythonRobotics,F,A
2083,PythonRobotics,F,A
2084,PythonRobotics,F,A
2085,PythonRobotics,M,A
2086,PythonRobotics,M,A
2087,PythonRobotics,M,A
2088,PythonRobotics,F,B
2089,PythonRobotics,F,A
2090,PythonRobotics,F,B
2091,PythonRobotics,F,A
2092,PythonRobotics,C,A
2093,PythonRobotics,M,A
2094,PythonRobotics,F,A
2095,PythonRobotics,C,A
2096,PythonRobotics,M,A
2097,PythonRobotics,M,A
2098,PythonRobotics,M,A
2099,PythonRobotics,C,A
2100,PythonRobotics,M,A
2101,PythonRobotics,M,A
2102,PythonRobotics,M,A
2103,PythonRobotics,M,A
2104,PythonRobotics,M,A
2105,PythonRobotics,M,A
2106,PythonRobotics,M,A
2107,PythonRobotics,M,A
2108,PythonRobotics,M,A
2109,PythonRobotics,M,A
2110,PythonRobotics,M,A
2111,PythonRobotics,M,A
2112,PythonRobotics,M,A
2113,PythonRobotics,M,A
2114,PythonRobotics,F,A
2115,PythonRobotics,F,A
2116,PythonRobotics,F,A
2117,PythonRobotics,F,A
2118,PythonRobotics,F,A
2119,PythonRobotics,F,A
2120,PythonRobotics,C,A
2121,PythonRobotics,M,A
2122,PythonRobotics,M,A
2123,PythonRobotics,M,A
2124,PythonRobotics,M,A
2125,PythonRobotics,C,A
2126,PythonRobotics,M,A
2127,PythonRobotics,M,A
2128,PythonRobotics,M,B
2129,PythonRobotics,M,B
2130,PythonRobotics,C,A
2131,PythonRobotics,M,A
2132,PythonRobotics,M,A
2133,PythonRobotics,M,A
2134,PythonRobotics,F,A
2135,PythonRobotics,F,A
2136,PythonRobotics,F,A
2137,PythonRobotics,F,A
2138,PythonRobotics,F,A
2139,PythonRobotics,F,A
2140,PythonRobotics,F,A
2141,PythonRobotics,F,A
2142,PythonRobotics,F,A
2143,PythonRobotics,F,A
2144,PythonRobotics,F,A
2145,PythonRobotics,F,A
2146,PythonRobotics,F,A
2147,PythonRobotics,F,A
2148,PythonRobotics,F,A
2149,PythonRobotics,F,A
2150,PythonRobotics,F,A
2151,PythonRobotics,C,A
2152,PythonRobotics,M,A
2153,PythonRobotics,F,A
2154,PythonRobotics,F,A
2155,PythonRobotics,F,A
2156,PythonRobotics,M,A
2157,PythonRobotics,F,B
2158,PythonRobotics,M,A
2159,PythonRobotics,C,A
2160,PythonRobotics,C,A
2161,PythonRobotics,F,A
2162,PythonRobotics,F,A
2163,PythonRobotics,F,A
2164,PythonRobotics,M,A
2165,PythonRobotics,M,A
2166,PythonRobotics,M,A
2167,PythonRobotics,F,B
2168,PythonRobotics,F,B
2169,PythonRobotics,F,B
2170,PythonRobotics,F,A
2171,PythonRobotics,F,A
2172,PythonRobotics,F,A
2173,PythonRobotics,F,A
2174,PythonRobotics,F,A
2175,PythonRobotics,F,A
2176,PythonRobotics,F,A
2177,PythonRobotics,F,A
2178,PythonRobotics,F,A
2179,PythonRobotics,F,A
2180,PythonRobotics,F,A
2181,PythonRobotics,F,A
2182,PythonRobotics,F,A
2183,PythonRobotics,C,A
2184,PythonRobotics,F,A
2185,PythonRobotics,F,A
2186,PythonRobotics,F,A
2187,PythonRobotics,M,A
2188,PythonRobotics,M,F
2189,PythonRobotics,M,D
2190,PythonRobotics,F,D
2191,PythonRobotics,C,C
2192,PythonRobotics,M,B
2193,PythonRobotics,F,B
2194,PythonRobotics,M,A
2195,PythonRobotics,M,A
2196,PythonRobotics,M,A
2197,PythonRobotics,F,A
2198,PythonRobotics,F,A
2199,PythonRobotics,F,A
2200,PythonRobotics,M,C
2201,PythonRobotics,F,B
2202,PythonRobotics,M,B
2203,PythonRobotics,M,B
2204,PythonRobotics,C,A
2205,PythonRobotics,M,A
2206,PythonRobotics,M,A
2207,PythonRobotics,M,A
2208,PythonRobotics,M,A
2209,PythonRobotics,M,A
2210,PythonRobotics,M,A
2211,PythonRobotics,M,A
2212,PythonRobotics,F,C
2213,PythonRobotics,F,B
2214,PythonRobotics,F,B
2215,PythonRobotics,F,A
2216,PythonRobotics,F,A
2217,PythonRobotics,F,A
2218,PythonRobotics,F,A
2219,PythonRobotics,F,A
2220,PythonRobotics,F,A
2221,PythonRobotics,F,A
2222,PythonRobotics,F,A
2223,PythonRobotics,F,A
2224,PythonRobotics,F,A
2225,PythonRobotics,C,A
2226,PythonRobotics,F,A
2227,PythonRobotics,F,A
2228,PythonRobotics,F,A
2229,PythonRobotics,M,A
2230,PythonRobotics,M,A
2231,PythonRobotics,F,A
2232,PythonRobotics,F,A
2233,PythonRobotics,F,A
2234,PythonRobotics,F,A
2235,PythonRobotics,F,A
2236,PythonRobotics,F,B
2237,PythonRobotics,F,B
2238,PythonRobotics,C,A
2239,PythonRobotics,F,A
2240,PythonRobotics,F,A
2241,PythonRobotics,M,A
2242,PythonRobotics,F,B
2243,PythonRobotics,F,A
2244,PythonRobotics,F,A
2245,PythonRobotics,F,A
2246,PythonRobotics,F,A
2247,PythonRobotics,F,A
2248,PythonRobotics,F,A
2249,PythonRobotics,F,A
2250,PythonRobotics,F,A
2251,PythonRobotics,F,A
2252,PythonRobotics,F,A
2253,PythonRobotics,F,A
2254,PythonRobotics,F,A
2255,PythonRobotics,F,C
2256,PythonRobotics,F,B
2257,PythonRobotics,F,B
2258,PythonRobotics,F,A
2259,PythonRobotics,C,A
2260,PythonRobotics,F,A
2261,PythonRobotics,F,A
2262,PythonRobotics,M,A
2263,PythonRobotics,M,A
2264,PythonRobotics,F,B
2265,PythonRobotics,F,B
2266,PythonRobotics,F,A
2267,PythonRobotics,F,A
2268,PythonRobotics,F,A
2269,PythonRobotics,F,A
2270,PythonRobotics,F,A
2271,PythonRobotics,F,C
2272,PythonRobotics,F,C
2273,PythonRobotics,F,B
2274,PythonRobotics,F,B
2275,PythonRobotics,F,A
2276,PythonRobotics,F,A
2277,PythonRobotics,F,A
2278,PythonRobotics,F,A
2279,PythonRobotics,F,A
2280,PythonRobotics,F,A
2281,PythonRobotics,F,A
2282,PythonRobotics,F,A
2283,PythonRobotics,F,A
2284,PythonRobotics,C,A
2285,PythonRobotics,C,A
2286,PythonRobotics,C,A
2287,PythonRobotics,M,A
2288,PythonRobotics,M,A
2289,PythonRobotics,M,A
2290,PythonRobotics,F,C
2291,PythonRobotics,M,C
2292,PythonRobotics,M,B
2293,PythonRobotics,M,B
2294,PythonRobotics,C,B
2295,PythonRobotics,M,A
2296,PythonRobotics,F,A
2297,PythonRobotics,F,A
2298,PythonRobotics,M,A
2299,PythonRobotics,M,A
2300,PythonRobotics,F,C
2301,PythonRobotics,F,B
2302,PythonRobotics,F,B
2303,PythonRobotics,F,B
2304,PythonRobotics,F,A
2305,PythonRobotics,F,A
2306,PythonRobotics,F,A
2307,PythonRobotics,C,A
2308,PythonRobotics,C,A
2309,PythonRobotics,M,A
2310,PythonRobotics,M,A
2311,PythonRobotics,M,A
2312,PythonRobotics,M,A
2313,PythonRobotics,M,A
2314,PythonRobotics,M,A
2315,PythonRobotics,M,C
2316,PythonRobotics,F,B
2317,PythonRobotics,M,B
2318,PythonRobotics,M,B
2319,PythonRobotics,C,A
2320,PythonRobotics,M,A
2321,PythonRobotics,M,A
2322,PythonRobotics,M,A
2323,PythonRobotics,M,A
2324,PythonRobotics,M,A
2325,PythonRobotics,M,A
2326,PythonRobotics,M,C
2327,PythonRobotics,F,B
2328,PythonRobotics,M,B
2329,PythonRobotics,M,B
2330,PythonRobotics,C,A
2331,PythonRobotics,M,A
2332,PythonRobotics,M,A
2333,PythonRobotics,M,A
2334,PythonRobotics,M,A
2335,PythonRobotics,M,A
2336,PythonRobotics,M,A
2337,PythonRobotics,M,A
2338,PythonRobotics,M,B
2339,PythonRobotics,M,B
2340,PythonRobotics,M,B
2341,PythonRobotics,C,A
2342,PythonRobotics,F,A
2343,PythonRobotics,M,A
2344,PythonRobotics,M,A
2345,PythonRobotics,M,A
2346,PythonRobotics,M,A
2347,PythonRobotics,M,A
2348,PythonRobotics,M,A
2349,PythonRobotics,M,D
2350,PythonRobotics,F,C
2351,PythonRobotics,M,B
2352,PythonRobotics,C,B
2353,PythonRobotics,M,B
2354,PythonRobotics,C,B
2355,PythonRobotics,M,B
2356,PythonRobotics,M,A
2357,PythonRobotics,C,A
2358,PythonRobotics,M,A
2359,PythonRobotics,M,A
2360,PythonRobotics,M,A
2361,PythonRobotics,M,A
2362,PythonRobotics,M,A
2363,PythonRobotics,M,A
2364,PythonRobotics,M,A
2365,PythonRobotics,M,A
2366,PythonRobotics,M,A
2367,PythonRobotics,M,A
2368,PythonRobotics,M,A
2369,PythonRobotics,F,B
2370,PythonRobotics,M,A
2371,PythonRobotics,M,A
2372,PythonRobotics,C,A
2373,PythonRobotics,M,A
2374,PythonRobotics,M,A
2375,PythonRobotics,M,A
2376,PythonRobotics,M,A
2377,PythonRobotics,M,C
2378,PythonRobotics,C,A
2379,PythonRobotics,M,A
2380,PythonRobotics,M,A
2381,PythonRobotics,M,A
2382,PythonRobotics,M,A
2383,PythonRobotics,M,A
2384,PythonRobotics,M,A
2385,PythonRobotics,M,B
2386,PythonRobotics,F,B
2387,PythonRobotics,M,B
2388,PythonRobotics,M,B
2389,PythonRobotics,C,A
2390,PythonRobotics,M,A
2391,PythonRobotics,M,A
2392,PythonRobotics,M,A
2393,PythonRobotics,M,A
2394,PythonRobotics,M,A
2395,PythonRobotics,M,A
2396,PythonRobotics,C,C
2397,PythonRobotics,M,C
2398,PythonRobotics,M,B
2399,PythonRobotics,M,A
2400,PythonRobotics,F,A
2401,PythonRobotics,C,A
2402,PythonRobotics,M,A
2403,PythonRobotics,M,A
2404,PythonRobotics,M,A
2405,PythonRobotics,C,A
2406,PythonRobotics,M,A
2407,PythonRobotics,M,A
2408,PythonRobotics,M,A
2409,PythonRobotics,M,A
2410,PythonRobotics,M,A
2411,PythonRobotics,M,A
2412,PythonRobotics,M,A
2413,PythonRobotics,M,A
2414,PythonRobotics,M,C
2415,PythonRobotics,C,B
2416,PythonRobotics,M,B
2417,PythonRobotics,F,A
2418,PythonRobotics,F,A
2419,PythonRobotics,M,A
2420,PythonRobotics,F,A
2421,PythonRobotics,M,A
2422,PythonRobotics,C,A
2423,PythonRobotics,F,A
2424,PythonRobotics,M,A
2425,PythonRobotics,F,B
2426,PythonRobotics,F,A
2427,PythonRobotics,F,A
2428,PythonRobotics,F,A
2429,PythonRobotics,F,A
2430,PythonRobotics,F,A
2431,PythonRobotics,F,A
2432,PythonRobotics,F,A
2433,PythonRobotics,F,A
2434,PythonRobotics,F,A
2435,PythonRobotics,F,A
2436,PythonRobotics,F,A
2437,PythonRobotics,F,A
2438,PythonRobotics,F,B
2439,PythonRobotics,M,B
2440,PythonRobotics,F,A
2441,PythonRobotics,C,A
2442,PythonRobotics,C,A
2443,PythonRobotics,M,A
2444,PythonRobotics,M,A
2445,PythonRobotics,F,A
2446,PythonRobotics,M,A
2447,PythonRobotics,M,A
2448,PythonRobotics,F,A
2449,PythonRobotics,M,B
2450,PythonRobotics,M,B
2451,PythonRobotics,C,A
2452,PythonRobotics,M,A
2453,PythonRobotics,M,A
2454,PythonRobotics,F,A
2455,PythonRobotics,M,A
2456,PythonRobotics,M,A
2457,PythonRobotics,M,B
2458,PythonRobotics,M,B
2459,PythonRobotics,M,A
2460,PythonRobotics,F,A
2461,PythonRobotics,M,A
2462,PythonRobotics,M,A
2463,PythonRobotics,C,A
2464,PythonRobotics,M,A
2465,PythonRobotics,M,A
2466,PythonRobotics,M,A
2467,PythonRobotics,M,A
2468,PythonRobotics,M,A
2469,PythonRobotics,M,A
2470,PythonRobotics,M,A
2471,PythonRobotics,M,A
2472,PythonRobotics,M,A
2473,PythonRobotics,M,A
2474,PythonRobotics,C,A
2475,PythonRobotics,M,A
2476,PythonRobotics,M,A
2477,PythonRobotics,M,A
2478,PythonRobotics,M,A
2479,PythonRobotics,M,A
2480,PythonRobotics,M,C
2481,PythonRobotics,F,B
2482,PythonRobotics,M,B
2483,PythonRobotics,M,B
2484,PythonRobotics,M,A
2485,PythonRobotics,C,A
2486,PythonRobotics,M,A
2487,PythonRobotics,M,A
2488,PythonRobotics,M,A
2489,PythonRobotics,M,A
2490,PythonRobotics,M,A
2491,PythonRobotics,M,A
2492,PythonRobotics,M,A
2493,PythonRobotics,M,A
2494,PythonRobotics,M,A
2495,PythonRobotics,F,C
2496,PythonRobotics,F,B
2497,PythonRobotics,F,B
2498,PythonRobotics,F,A
2499,PythonRobotics,F,A
2500,PythonRobotics,F,B
2501,PythonRobotics,F,B
2502,PythonRobotics,F,A
2503,PythonRobotics,F,A
2504,PythonRobotics,F,A
2505,PythonRobotics,F,A
2506,PythonRobotics,F,A
2507,PythonRobotics,F,A
2508,PythonRobotics,F,A
2509,PythonRobotics,F,A
2510,PythonRobotics,F,A
2511,PythonRobotics,F,A
2512,PythonRobotics,F,A
2513,PythonRobotics,F,A
2514,PythonRobotics,F,A
2515,PythonRobotics,F,A
2516,PythonRobotics,F,A
2517,PythonRobotics,F,A
2518,PythonRobotics,F,A
2519,PythonRobotics,F,A
2520,PythonRobotics,F,A
2521,PythonRobotics,M,B
2522,PythonRobotics,M,B
2523,PythonRobotics,M,B
2524,PythonRobotics,C,A
2525,PythonRobotics,F,A
2526,PythonRobotics,M,A
2527,PythonRobotics,M,A
2528,PythonRobotics,M,A
2529,PythonRobotics,M,A
2530,PythonRobotics,M,A
2531,PythonRobotics,M,A
2532,PythonRobotics,M,B
2533,PythonRobotics,M,B
2534,PythonRobotics,M,B
2535,PythonRobotics,F,A
2536,PythonRobotics,C,A
2537,PythonRobotics,M,A
2538,PythonRobotics,M,A
2539,PythonRobotics,M,A
2540,PythonRobotics,M,A
2541,PythonRobotics,M,A
2542,PythonRobotics,M,A
2543,PythonRobotics,M,A
2544,PythonRobotics,M,B
2545,PythonRobotics,F,A
2546,PythonRobotics,C,A
2547,PythonRobotics,M,A
2548,PythonRobotics,M,A
2549,PythonRobotics,M,A
2550,PythonRobotics,M,A
2551,PythonRobotics,M,A
2552,PythonRobotics,F,B
2553,PythonRobotics,F,B
2554,PythonRobotics,F,A
2555,PythonRobotics,F,A
2556,PythonRobotics,F,A
2557,PythonRobotics,M,B
2558,PythonRobotics,M,B
2559,PythonRobotics,M,B
2560,PythonRobotics,F,A
2561,PythonRobotics,C,A
2562,PythonRobotics,M,A
2563,PythonRobotics,M,A
2564,PythonRobotics,M,A
2565,PythonRobotics,M,A
2566,PythonRobotics,M,A
2567,PythonRobotics,M,A
2568,PythonRobotics,M,A
2569,PythonRobotics,M,A
2570,PythonRobotics,M,B
2571,PythonRobotics,M,B
2572,PythonRobotics,M,B
2573,PythonRobotics,M,B
2574,PythonRobotics,F,A
2575,PythonRobotics,C,A
2576,PythonRobotics,M,A
2577,PythonRobotics,M,A
2578,PythonRobotics,M,A
2579,PythonRobotics,M,A
2580,PythonRobotics,M,A
2581,PythonRobotics,M,A
2582,PythonRobotics,M,A
2583,PythonRobotics,M,A
2584,PythonRobotics,F,D
2585,PythonRobotics,F,A
2586,PythonRobotics,F,A
2587,PythonRobotics,F,A
2588,PythonRobotics,F,A
2589,PythonRobotics,F,A
2590,PythonRobotics,F,A
2591,PythonRobotics,F,A
2592,PythonRobotics,F,A
2593,PythonRobotics,F,A
2594,PythonRobotics,M,C
2595,PythonRobotics,M,B
2596,PythonRobotics,M,B
2597,PythonRobotics,M,B
2598,PythonRobotics,C,B
2599,PythonRobotics,M,A
2600,PythonRobotics,M,A
2601,PythonRobotics,M,A
2602,PythonRobotics,M,A
2603,PythonRobotics,M,A
2604,PythonRobotics,M,A
2605,PythonRobotics,F,A
2606,PythonRobotics,M,D
2607,PythonRobotics,M,D
2608,PythonRobotics,M,D
2609,PythonRobotics,F,C
2610,PythonRobotics,C,C
2611,PythonRobotics,M,B
2612,PythonRobotics,M,B
2613,PythonRobotics,M,A
2614,PythonRobotics,M,C
2615,PythonRobotics,M,B
2616,PythonRobotics,M,B
2617,PythonRobotics,M,B
2618,PythonRobotics,M,B
2619,PythonRobotics,M,B
2620,PythonRobotics,M,A
2621,PythonRobotics,C,A
2622,PythonRobotics,M,A
2623,PythonRobotics,F,A
2624,PythonRobotics,M,A
2625,PythonRobotics,C,A
2626,PythonRobotics,M,A
2627,PythonRobotics,M,A
2628,PythonRobotics,M,A
2629,PythonRobotics,M,A
2630,PythonRobotics,M,A
2631,PythonRobotics,M,A
2632,PythonRobotics,M,A
2633,PythonRobotics,M,A
2634,PythonRobotics,M,A
2635,PythonRobotics,M,A
2636,PythonRobotics,M,A
2637,PythonRobotics,M,A
2638,PythonRobotics,M,A
2639,PythonRobotics,M,A
2640,PythonRobotics,M,A
2641,PythonRobotics,M,A
2642,PythonRobotics,M,A
2643,PythonRobotics,M,A
2644,PythonRobotics,M,A
2645,PythonRobotics,M,A
2646,PythonRobotics,M,A
2647,PythonRobotics,M,A
2648,PythonRobotics,M,A
2649,PythonRobotics,M,B
2650,PythonRobotics,M,B
2651,PythonRobotics,C,B
2652,PythonRobotics,M,B
2653,PythonRobotics,F,A
2654,PythonRobotics,M,A
2655,PythonRobotics,M,A
2656,PythonRobotics,M,A
2657,PythonRobotics,M,A
2658,PythonRobotics,M,A
2659,PythonRobotics,M,C
2660,PythonRobotics,F,B
2661,PythonRobotics,M,B
2662,PythonRobotics,M,B
2663,PythonRobotics,C,A
2664,PythonRobotics,M,A
2665,PythonRobotics,M,A
2666,PythonRobotics,M,A
2667,PythonRobotics,M,A
2668,PythonRobotics,M,A
2669,PythonRobotics,M,A
2670,PythonRobotics,F,B
2671,PythonRobotics,F,B
2672,PythonRobotics,F,B
2673,PythonRobotics,F,A
2674,PythonRobotics,F,A
2675,PythonRobotics,C,A
2676,PythonRobotics,M,A
2677,PythonRobotics,F,A
2678,PythonRobotics,F,A
2679,PythonRobotics,F,A
2680,PythonRobotics,F,A
2681,PythonRobotics,F,A
2682,PythonRobotics,C,A
2683,PythonRobotics,M,A
2684,PythonRobotics,M,A
2685,PythonRobotics,M,A
2686,PythonRobotics,F,A
2687,PythonRobotics,C,A
2688,PythonRobotics,M,A
2689,PythonRobotics,M,A
2690,PythonRobotics,M,A
2691,PythonRobotics,M,A
2692,PythonRobotics,F,A
2693,PythonRobotics,F,A
2694,PythonRobotics,M,A
2695,PythonRobotics,C,A
2696,PythonRobotics,M,A
2697,PythonRobotics,M,A
2698,PythonRobotics,M,A
2699,PythonRobotics,M,A
2700,PythonRobotics,M,A
2701,PythonRobotics,M,A
2702,PythonRobotics,F,A
2703,PythonRobotics,C,A
2704,PythonRobotics,M,A
2705,PythonRobotics,M,A
2706,PythonRobotics,M,A
2707,PythonRobotics,F,C
2708,PythonRobotics,F,A
2709,PythonRobotics,F,A
2710,PythonRobotics,F,A
2711,PythonRobotics,F,A
2712,PythonRobotics,F,A
2713,PythonRobotics,F,A
2714,PythonRobotics,F,A
2715,PythonRobotics,F,C
2716,PythonRobotics,F,B
2717,PythonRobotics,F,A
2718,PythonRobotics,F,A
2719,PythonRobotics,F,A
2720,PythonRobotics,F,A
2721,PythonRobotics,F,A
2722,PythonRobotics,C,A
2723,PythonRobotics,M,A
2724,PythonRobotics,M,A
2725,PythonRobotics,F,C
2726,PythonRobotics,F,A
2727,PythonRobotics,F,A
2728,PythonRobotics,C,A
2729,PythonRobotics,M,A
2730,PythonRobotics,M,A
2731,PythonRobotics,M,A
2732,PythonRobotics,M,A
2733,PythonRobotics,M,A
2734,PythonRobotics,M,C
2735,PythonRobotics,F,B
2736,PythonRobotics,M,B
2737,PythonRobotics,M,B
2738,PythonRobotics,C,A
2739,PythonRobotics,M,A
2740,PythonRobotics,M,A
2741,PythonRobotics,M,A
2742,PythonRobotics,M,A
2743,PythonRobotics,M,A
2744,PythonRobotics,M,A
2745,PythonRobotics,M,A
2746,PythonRobotics,F,C
2747,PythonRobotics,M,C
2748,PythonRobotics,M,B
2749,PythonRobotics,M,B
2750,PythonRobotics,M,B
2751,PythonRobotics,C,A
2752,PythonRobotics,M,A
2753,PythonRobotics,M,A
2754,PythonRobotics,M,A
2755,PythonRobotics,M,A
2756,PythonRobotics,M,A
2757,PythonRobotics,M,A
2758,PythonRobotics,M,A
2759,PythonRobotics,F,A
2760,PythonRobotics,C,A
2761,PythonRobotics,M,A
2762,PythonRobotics,M,A
2763,PythonRobotics,M,A
2764,PythonRobotics,F,A
2765,PythonRobotics,M,A
2766,PythonRobotics,M,A
2767,PythonRobotics,M,A
2768,PythonRobotics,M,A
2769,PythonRobotics,M,A
2770,PythonRobotics,M,A
2771,PythonRobotics,C,A
2772,PythonRobotics,F,A
2773,PythonRobotics,F,A
2774,PythonRobotics,M,A
2775,PythonRobotics,M,B
2776,PythonRobotics,F,B
2777,PythonRobotics,C,A
2778,PythonRobotics,M,A
2779,PythonRobotics,M,A
2780,PythonRobotics,M,A
2781,PythonRobotics,M,A
2782,PythonRobotics,F,B
2783,PythonRobotics,F,B
2784,PythonRobotics,F,B
2785,PythonRobotics,F,A
2786,PythonRobotics,F,A
2787,PythonRobotics,F,A
2788,PythonRobotics,F,A
2789,PythonRobotics,F,A
2790,PythonRobotics,M,B
2791,PythonRobotics,M,B
2792,PythonRobotics,M,B
2793,PythonRobotics,C,A
2794,PythonRobotics,F,A
2795,PythonRobotics,M,A
2796,PythonRobotics,M,A
2797,PythonRobotics,M,A
2798,PythonRobotics,M,A
2799,PythonRobotics,M,A
2800,PythonRobotics,M,A
2801,PythonRobotics,F,B
2802,PythonRobotics,F,A
2803,PythonRobotics,F,A
2804,PythonRobotics,F,A
2805,PythonRobotics,F,A
2806,PythonRobotics,F,A
2807,PythonRobotics,F,A
2808,PythonRobotics,F,A
2809,PythonRobotics,F,A
2810,PythonRobotics,F,A
2811,PythonRobotics,F,A
2812,PythonRobotics,F,A
2813,PythonRobotics,F,A
2814,PythonRobotics,F,B
2815,PythonRobotics,F,B
2816,PythonRobotics,M,B
2817,PythonRobotics,M,A
2818,PythonRobotics,F,A
2819,PythonRobotics,C,A
2820,PythonRobotics,F,A
2821,PythonRobotics,F,A
2822,PythonRobotics,F,A
2823,PythonRobotics,F,A
2824,PythonRobotics,M,A
2825,PythonRobotics,M,A
2826,PythonRobotics,F,A
2827,PythonRobotics,F,A
2828,PythonRobotics,M,A
2829,PythonRobotics,M,A
2830,PythonRobotics,M,A
2831,PythonRobotics,F,B
2832,PythonRobotics,F,A
2833,PythonRobotics,F,A
2834,PythonRobotics,F,A
2835,PythonRobotics,F,A
2836,PythonRobotics,F,A
2837,PythonRobotics,F,A
2838,PythonRobotics,F,A
2839,PythonRobotics,F,A
2840,PythonRobotics,F,A
2841,PythonRobotics,F,A
2842,PythonRobotics,F,A
2843,PythonRobotics,F,A
2844,PythonRobotics,F,A
2845,PythonRobotics,F,A
2846,PythonRobotics,F,A
2847,PythonRobotics,F,A
2848,PythonRobotics,F,A
2849,PythonRobotics,F,A
2850,PythonRobotics,F,A
2851,PythonRobotics,F,A
2852,PythonRobotics,F,A
2853,PythonRobotics,F,B
2854,PythonRobotics,F,A
2855,PythonRobotics,F,A
2856,PythonRobotics,F,A
2857,PythonRobotics,F,A
2858,PythonRobotics,F,A
2859,PythonRobotics,F,A
2860,PythonRobotics,F,A
2861,PythonRobotics,F,A
2862,PythonRobotics,F,A
2863,PythonRobotics,F,A
2864,PythonRobotics,F,A
2865,PythonRobotics,F,A
2866,PythonRobotics,F,A
2867,PythonRobotics,F,A
2868,PythonRobotics,F,A
2869,PythonRobotics,F,A
2870,PythonRobotics,F,A
2871,PythonRobotics,F,A
2872,PythonRobotics,C,A
2873,PythonRobotics,F,A
2874,PythonRobotics,F,A
2875,PythonRobotics,F,A
2876,PythonRobotics,F,A
2877,PythonRobotics,F,A
2878,PythonRobotics,M,A
2879,PythonRobotics,F,A
2880,PythonRobotics,F,A
2881,PythonRobotics,F,A
2882,PythonRobotics,F,A
2883,PythonRobotics,F,A
2884,PythonRobotics,F,A
2885,PythonRobotics,F,A
2886,PythonRobotics,F,A
2887,PythonRobotics,F,A
2888,PythonRobotics,F,B
2889,PythonRobotics,F,A
2890,PythonRobotics,F,A
2891,PythonRobotics,F,A
2892,PythonRobotics,F,A
2893,PythonRobotics,F,A
2894,PythonRobotics,F,A
2895,PythonRobotics,F,A
2896,PythonRobotics,F,A
2897,PythonRobotics,F,C
2898,PythonRobotics,F,B
2899,PythonRobotics,F,A
2900,PythonRobotics,F,A
2901,PythonRobotics,F,A
2902,PythonRobotics,M,A
2903,PythonRobotics,F,A
2904,PythonRobotics,C,A
2905,PythonRobotics,M,A
2906,PythonRobotics,F,A
2907,PythonRobotics,F,A
2908,PythonRobotics,M,A
2909,PythonRobotics,M,A
2910,PythonRobotics,F,C
2911,PythonRobotics,F,B
2912,PythonRobotics,F,A
2913,PythonRobotics,F,A
2914,PythonRobotics,F,A
2915,PythonRobotics,M,A
2916,PythonRobotics,C,A
2917,PythonRobotics,M,A
2918,PythonRobotics,F,A
2919,PythonRobotics,M,A
2920,PythonRobotics,M,A
2921,PythonRobotics,M,A
2922,PythonRobotics,C,A
2923,PythonRobotics,M,A
2924,PythonRobotics,M,A
2925,PythonRobotics,C,A
2926,PythonRobotics,M,A
2927,PythonRobotics,M,A
2928,PythonRobotics,M,A
2929,PythonRobotics,M,A
2930,PythonRobotics,M,A
2931,PythonRobotics,M,A
2932,PythonRobotics,M,A
2933,PythonRobotics,M,A
2934,PythonRobotics,M,A
2935,PythonRobotics,F,A
2936,PythonRobotics,F,A
2937,PythonRobotics,F,A
2938,PythonRobotics,F,A
2939,PythonRobotics,F,C
2940,PythonRobotics,F,B
2941,PythonRobotics,F,A
2942,PythonRobotics,F,A
2943,PythonRobotics,F,A
2944,PythonRobotics,F,A
2945,PythonRobotics,F,A
2946,PythonRobotics,F,A
2947,PythonRobotics,M,A
2948,PythonRobotics,M,A
2949,PythonRobotics,C,A
2950,PythonRobotics,M,A
2951,PythonRobotics,M,A
2952,PythonRobotics,M,A
2953,PythonRobotics,F,C
2954,PythonRobotics,F,A
2955,PythonRobotics,F,A
2956,PythonRobotics,F,A
2957,PythonRobotics,F,A
2958,PythonRobotics,F,A
2959,PythonRobotics,M,C
2960,PythonRobotics,F,C
2961,PythonRobotics,M,B
2962,PythonRobotics,M,B
2963,PythonRobotics,M,B
2964,PythonRobotics,M,B
2965,PythonRobotics,C,A
2966,PythonRobotics,M,A
2967,PythonRobotics,M,A
2968,PythonRobotics,M,A
2969,PythonRobotics,C,A
2970,PythonRobotics,M,A
2971,PythonRobotics,M,A
2972,PythonRobotics,M,A
2973,PythonRobotics,M,A
2974,PythonRobotics,M,A
2975,PythonRobotics,M,A
2976,PythonRobotics,M,A
2977,PythonRobotics,M,A
2978,PythonRobotics,M,A
2979,PythonRobotics,M,A
2980,PythonRobotics,M,A
2981,SqueezeSeg,M,C
2982,SqueezeSeg,M,C
2983,SqueezeSeg,M,C
2984,SqueezeSeg,M,B
2985,SqueezeSeg,C,A
2986,SqueezeSeg,M,A
2987,SqueezeSeg,F,A
2988,SqueezeSeg,M,A
2989,SqueezeSeg,M,A
2990,SqueezeSeg,F,A
2991,SqueezeSeg,M,A
2992,SqueezeSeg,M,A
2993,SqueezeSeg,M,A
2994,SqueezeSeg,M,A
2995,SqueezeSeg,M,A
2996,SqueezeSeg,M,A
2997,SqueezeSeg,M,A
2998,SqueezeSeg,M,A
2999,SqueezeSeg,M,A
3000,SqueezeSeg,ERROR:,204)
3001,SqueezeSeg,F,C
3002,SqueezeSeg,F,A
3003,SqueezeSeg,F,A
3004,SqueezeSeg,F,A
3005,SqueezeSeg,F,A
3006,SqueezeSeg,F,A
3007,SqueezeSeg,F,A
3008,SqueezeSeg,F,A
3009,SqueezeSeg,F,B
3010,SqueezeSeg,F,B
3011,SqueezeSeg,F,A
3012,SqueezeSeg,F,A
3013,SqueezeSeg,F,A
3014,SqueezeSeg,C,A
3015,SqueezeSeg,M,A
3016,SqueezeSeg,F,A
3017,SqueezeSeg,F,A
3018,SqueezeSeg,F,A
3019,SqueezeSeg,F,A
3020,SqueezeSeg,M,A
3021,SqueezeSeg,M,A
3022,SqueezeSeg,C,A
3023,SqueezeSeg,M,A
3024,SqueezeSeg,M,A
3025,SqueezeSeg,M,A
3026,SqueezeSeg,M,A
3027,SqueezeSeg,C,A
3028,SqueezeSeg,M,A
3029,SqueezeSeg,M,A
3030,SqueezeSeg,M,A
3031,SqueezeSeg,M,B
3032,SqueezeSeg,C,A
3033,SqueezeSeg,M,A
3034,SqueezeSeg,M,A
3035,SqueezeSeg,M,A
3036,SqueezeSeg,M,A
3037,SqueezeSeg,M,A
3038,SqueezeSeg,M,A
3039,SqueezeSeg,M,A
3040,CVPR2023-3D-Occupancy-Prediction,F,E
3041,CVPR2023-3D-Occupancy-Prediction,F,A
3042,CVPR2023-3D-Occupancy-Prediction,F,D
3043,CVPR2023-3D-Occupancy-Prediction,F,A
3044,CVPR2023-3D-Occupancy-Prediction,F,A
3045,CVPR2023-3D-Occupancy-Prediction,F,A
3046,CVPR2023-3D-Occupancy-Prediction,F,A
3047,CVPR2023-3D-Occupancy-Prediction,F,A
3048,CVPR2023-3D-Occupancy-Prediction,F,A
3049,CVPR2023-3D-Occupancy-Prediction,F,A
3050,CVPR2023-3D-Occupancy-Prediction,F,A
3051,CVPR2023-3D-Occupancy-Prediction,F,A
3052,CVPR2023-3D-Occupancy-Prediction,F,A
3053,CVPR2023-3D-Occupancy-Prediction,F,A
3054,CVPR2023-3D-Occupancy-Prediction,F,C
3055,CVPR2023-3D-Occupancy-Prediction,F,B
3056,CVPR2023-3D-Occupancy-Prediction,F,B
3057,CVPR2023-3D-Occupancy-Prediction,F,A
3058,CVPR2023-3D-Occupancy-Prediction,F,A
3059,CVPR2023-3D-Occupancy-Prediction,F,A
3060,CVPR2023-3D-Occupancy-Prediction,F,A
3061,CVPR2023-3D-Occupancy-Prediction,F,B
3062,CVPR2023-3D-Occupancy-Prediction,F,A
3063,CVPR2023-3D-Occupancy-Prediction,F,C
3064,CVPR2023-3D-Occupancy-Prediction,F,C
3065,CVPR2023-3D-Occupancy-Prediction,F,B
3066,CVPR2023-3D-Occupancy-Prediction,F,B
3067,CVPR2023-3D-Occupancy-Prediction,F,B
3068,CVPR2023-3D-Occupancy-Prediction,F,B
3069,CVPR2023-3D-Occupancy-Prediction,F,C
3070,CVPR2023-3D-Occupancy-Prediction,F,B
3071,CVPR2023-3D-Occupancy-Prediction,F,A
3072,CVPR2023-3D-Occupancy-Prediction,F,A
3073,CVPR2023-3D-Occupancy-Prediction,F,A
3074,CVPR2023-3D-Occupancy-Prediction,F,A
3075,CVPR2023-3D-Occupancy-Prediction,F,A
3076,CVPR2023-3D-Occupancy-Prediction,F,D
3077,CVPR2023-3D-Occupancy-Prediction,F,C
3078,CVPR2023-3D-Occupancy-Prediction,F,C
3079,CVPR2023-3D-Occupancy-Prediction,F,B
3080,CVPR2023-3D-Occupancy-Prediction,F,B
3081,CVPR2023-3D-Occupancy-Prediction,F,A
3082,CVPR2023-3D-Occupancy-Prediction,F,A
3083,CVPR2023-3D-Occupancy-Prediction,F,A
3084,CVPR2023-3D-Occupancy-Prediction,F,A
3085,CVPR2023-3D-Occupancy-Prediction,F,D
3086,CVPR2023-3D-Occupancy-Prediction,F,C
3087,CVPR2023-3D-Occupancy-Prediction,F,B
3088,CVPR2023-3D-Occupancy-Prediction,F,B
3089,CVPR2023-3D-Occupancy-Prediction,F,B
3090,CVPR2023-3D-Occupancy-Prediction,F,A
3091,CVPR2023-3D-Occupancy-Prediction,F,A
3092,CVPR2023-3D-Occupancy-Prediction,F,A
3093,CVPR2023-3D-Occupancy-Prediction,F,A
3094,CVPR2023-3D-Occupancy-Prediction,F,D
3095,CVPR2023-3D-Occupancy-Prediction,F,B
3096,CVPR2023-3D-Occupancy-Prediction,F,A
3097,CVPR2023-3D-Occupancy-Prediction,F,A
3098,CVPR2023-3D-Occupancy-Prediction,F,A
3099,CVPR2023-3D-Occupancy-Prediction,F,D
3100,CVPR2023-3D-Occupancy-Prediction,F,A
3101,CVPR2023-3D-Occupancy-Prediction,F,C
3102,CVPR2023-3D-Occupancy-Prediction,F,B
3103,CVPR2023-3D-Occupancy-Prediction,F,A
3104,CVPR2023-3D-Occupancy-Prediction,F,C
3105,CVPR2023-3D-Occupancy-Prediction,F,B
3106,CVPR2023-3D-Occupancy-Prediction,F,A
3107,CVPR2023-3D-Occupancy-Prediction,F,A
3108,CVPR2023-3D-Occupancy-Prediction,F,A
3109,CVPR2023-3D-Occupancy-Prediction,F,A
3110,CVPR2023-3D-Occupancy-Prediction,F,A
3111,CVPR2023-3D-Occupancy-Prediction,F,A
3112,CVPR2023-3D-Occupancy-Prediction,M,B
3113,CVPR2023-3D-Occupancy-Prediction,F,A
3114,CVPR2023-3D-Occupancy-Prediction,C,A
3115,CVPR2023-3D-Occupancy-Prediction,M,A
3116,CVPR2023-3D-Occupancy-Prediction,M,A
3117,CVPR2023-3D-Occupancy-Prediction,M,A
3118,CVPR2023-3D-Occupancy-Prediction,M,A
3119,CVPR2023-3D-Occupancy-Prediction,F,A
3120,CVPR2023-3D-Occupancy-Prediction,F,A
3121,CVPR2023-3D-Occupancy-Prediction,M,B
3122,CVPR2023-3D-Occupancy-Prediction,C,A
3123,CVPR2023-3D-Occupancy-Prediction,M,A
3124,CVPR2023-3D-Occupancy-Prediction,M,A
3125,CVPR2023-3D-Occupancy-Prediction,M,A
3126,CVPR2023-3D-Occupancy-Prediction,C,A
3127,CVPR2023-3D-Occupancy-Prediction,M,A
3128,CVPR2023-3D-Occupancy-Prediction,M,A
3129,CVPR2023-3D-Occupancy-Prediction,M,B
3130,CVPR2023-3D-Occupancy-Prediction,C,A
3131,CVPR2023-3D-Occupancy-Prediction,M,A
3132,CVPR2023-3D-Occupancy-Prediction,M,B
3133,CVPR2023-3D-Occupancy-Prediction,C,A
3134,CVPR2023-3D-Occupancy-Prediction,M,A
3135,CVPR2023-3D-Occupancy-Prediction,M,A
3136,CVPR2023-3D-Occupancy-Prediction,M,A
3137,CVPR2023-3D-Occupancy-Prediction,M,A
3138,CVPR2023-3D-Occupancy-Prediction,M,A
3139,CVPR2023-3D-Occupancy-Prediction,M,A
3140,CVPR2023-3D-Occupancy-Prediction,F,B
3141,CVPR2023-3D-Occupancy-Prediction,F,B
3142,CVPR2023-3D-Occupancy-Prediction,F,A
3143,CVPR2023-3D-Occupancy-Prediction,F,D
3144,CVPR2023-3D-Occupancy-Prediction,F,C
3145,CVPR2023-3D-Occupancy-Prediction,M,C
3146,CVPR2023-3D-Occupancy-Prediction,M,C
3147,CVPR2023-3D-Occupancy-Prediction,C,B
3148,CVPR2023-3D-Occupancy-Prediction,F,B
3149,CVPR2023-3D-Occupancy-Prediction,F,B
3150,CVPR2023-3D-Occupancy-Prediction,M,B
3151,CVPR2023-3D-Occupancy-Prediction,F,A
3152,CVPR2023-3D-Occupancy-Prediction,F,A
3153,CVPR2023-3D-Occupancy-Prediction,F,A
3154,CVPR2023-3D-Occupancy-Prediction,M,A
3155,CVPR2023-3D-Occupancy-Prediction,M,A
3156,CVPR2023-3D-Occupancy-Prediction,F,A
3157,CVPR2023-3D-Occupancy-Prediction,C,A
3158,CVPR2023-3D-Occupancy-Prediction,M,A
3159,CVPR2023-3D-Occupancy-Prediction,M,A
3160,CVPR2023-3D-Occupancy-Prediction,M,A
3161,CVPR2023-3D-Occupancy-Prediction,M,A
3162,CVPR2023-3D-Occupancy-Prediction,C,A
3163,CVPR2023-3D-Occupancy-Prediction,C,A
3164,CVPR2023-3D-Occupancy-Prediction,M,A
3165,CVPR2023-3D-Occupancy-Prediction,M,A
3166,CVPR2023-3D-Occupancy-Prediction,M,A
3167,CVPR2023-3D-Occupancy-Prediction,F,A
3168,CVPR2023-3D-Occupancy-Prediction,F,A
3169,CVPR2023-3D-Occupancy-Prediction,F,A
3170,CVPR2023-3D-Occupancy-Prediction,M,A
3171,CVPR2023-3D-Occupancy-Prediction,M,A
3172,CVPR2023-3D-Occupancy-Prediction,M,A
3173,CVPR2023-3D-Occupancy-Prediction,M,A
3174,CVPR2023-3D-Occupancy-Prediction,M,A
3175,CVPR2023-3D-Occupancy-Prediction,M,C
3176,CVPR2023-3D-Occupancy-Prediction,C,A
3177,CVPR2023-3D-Occupancy-Prediction,M,A
3178,CVPR2023-3D-Occupancy-Prediction,M,A
3179,CVPR2023-3D-Occupancy-Prediction,M,A
3180,CVPR2023-3D-Occupancy-Prediction,M,A
3181,CVPR2023-3D-Occupancy-Prediction,M,A
3182,CVPR2023-3D-Occupancy-Prediction,M,A
3183,CVPR2023-3D-Occupancy-Prediction,C,A
3184,CVPR2023-3D-Occupancy-Prediction,M,A
3185,CVPR2023-3D-Occupancy-Prediction,M,A
3186,CVPR2023-3D-Occupancy-Prediction,M,A
3187,CVPR2023-3D-Occupancy-Prediction,M,C
3188,CVPR2023-3D-Occupancy-Prediction,M,B
3189,CVPR2023-3D-Occupancy-Prediction,M,B
3190,CVPR2023-3D-Occupancy-Prediction,C,A
3191,CVPR2023-3D-Occupancy-Prediction,C,A
3192,CVPR2023-3D-Occupancy-Prediction,M,A
3193,CVPR2023-3D-Occupancy-Prediction,C,A
3194,CVPR2023-3D-Occupancy-Prediction,M,A
3195,CVPR2023-3D-Occupancy-Prediction,C,A
3196,CVPR2023-3D-Occupancy-Prediction,C,A
3197,CVPR2023-3D-Occupancy-Prediction,M,A
3198,CVPR2023-3D-Occupancy-Prediction,M,A
3199,CVPR2023-3D-Occupancy-Prediction,M,A
3200,CVPR2023-3D-Occupancy-Prediction,M,A
3201,CVPR2023-3D-Occupancy-Prediction,M,A
3202,CVPR2023-3D-Occupancy-Prediction,M,A
3203,CVPR2023-3D-Occupancy-Prediction,M,A
3204,CVPR2023-3D-Occupancy-Prediction,M,A
3205,CVPR2023-3D-Occupancy-Prediction,M,A
3206,CVPR2023-3D-Occupancy-Prediction,M,A
3207,CVPR2023-3D-Occupancy-Prediction,M,A
3208,CVPR2023-3D-Occupancy-Prediction,C,A
3209,CVPR2023-3D-Occupancy-Prediction,M,A
3210,CVPR2023-3D-Occupancy-Prediction,M,B
3211,CVPR2023-3D-Occupancy-Prediction,M,B
3212,CVPR2023-3D-Occupancy-Prediction,C,A
3213,CVPR2023-3D-Occupancy-Prediction,M,A
3214,CVPR2023-3D-Occupancy-Prediction,M,A
3215,CVPR2023-3D-Occupancy-Prediction,F,A
3216,CVPR2023-3D-Occupancy-Prediction,C,A
3217,CVPR2023-3D-Occupancy-Prediction,M,A
3218,CVPR2023-3D-Occupancy-Prediction,M,A
3219,CVPR2023-3D-Occupancy-Prediction,F,A
3220,CVPR2023-3D-Occupancy-Prediction,M,B
3221,CVPR2023-3D-Occupancy-Prediction,M,B
3222,CVPR2023-3D-Occupancy-Prediction,C,A
3223,CVPR2023-3D-Occupancy-Prediction,C,A
3224,CVPR2023-3D-Occupancy-Prediction,M,A
3225,CVPR2023-3D-Occupancy-Prediction,M,A
3226,CVPR2023-3D-Occupancy-Prediction,M,A
3227,CVPR2023-3D-Occupancy-Prediction,M,A
3228,CVPR2023-3D-Occupancy-Prediction,C,A
3229,CVPR2023-3D-Occupancy-Prediction,M,A
3230,CVPR2023-3D-Occupancy-Prediction,M,A
3231,CVPR2023-3D-Occupancy-Prediction,F,A
3232,CVPR2023-3D-Occupancy-Prediction,F,A
3233,CVPR2023-3D-Occupancy-Prediction,C,A
3234,CVPR2023-3D-Occupancy-Prediction,M,A
3235,CVPR2023-3D-Occupancy-Prediction,M,A
3236,CVPR2023-3D-Occupancy-Prediction,M,A
3237,CVPR2023-3D-Occupancy-Prediction,C,A
3238,CVPR2023-3D-Occupancy-Prediction,M,A
3239,CVPR2023-3D-Occupancy-Prediction,C,B
3240,CVPR2023-3D-Occupancy-Prediction,C,B
3241,CVPR2023-3D-Occupancy-Prediction,M,A
3242,CVPR2023-3D-Occupancy-Prediction,M,A
3243,CVPR2023-3D-Occupancy-Prediction,M,A
3244,CVPR2023-3D-Occupancy-Prediction,C,A
3245,CVPR2023-3D-Occupancy-Prediction,M,A
3246,CVPR2023-3D-Occupancy-Prediction,M,A
3247,CVPR2023-3D-Occupancy-Prediction,M,A
3248,CVPR2023-3D-Occupancy-Prediction,M,A
3249,CVPR2023-3D-Occupancy-Prediction,M,A
3250,CVPR2023-3D-Occupancy-Prediction,C,A
3251,CVPR2023-3D-Occupancy-Prediction,C,A
3252,CVPR2023-3D-Occupancy-Prediction,F,A
3253,CVPR2023-3D-Occupancy-Prediction,F,A
3254,CVPR2023-3D-Occupancy-Prediction,F,A
3255,CVPR2023-3D-Occupancy-Prediction,M,A
3256,CVPR2023-3D-Occupancy-Prediction,M,A
3257,CVPR2023-3D-Occupancy-Prediction,M,A
3258,CVPR2023-3D-Occupancy-Prediction,M,A
3259,CVPR2023-3D-Occupancy-Prediction,M,B
3260,CVPR2023-3D-Occupancy-Prediction,C,B
3261,CVPR2023-3D-Occupancy-Prediction,M,B
3262,CVPR2023-3D-Occupancy-Prediction,M,A
3263,CVPR2023-3D-Occupancy-Prediction,C,A
3264,CVPR2023-3D-Occupancy-Prediction,M,A
3265,CVPR2023-3D-Occupancy-Prediction,M,A
3266,CVPR2023-3D-Occupancy-Prediction,M,A
3267,CVPR2023-3D-Occupancy-Prediction,M,A
3268,CVPR2023-3D-Occupancy-Prediction,M,A
3269,CVPR2023-3D-Occupancy-Prediction,M,A
3270,CVPR2023-3D-Occupancy-Prediction,F,C
3271,CVPR2023-3D-Occupancy-Prediction,F,B
3272,CVPR2023-3D-Occupancy-Prediction,F,A
3273,CVPR2023-3D-Occupancy-Prediction,F,A
3274,CVPR2023-3D-Occupancy-Prediction,F,A
3275,CVPR2023-3D-Occupancy-Prediction,F,A
3276,CVPR2023-3D-Occupancy-Prediction,F,A
3277,CVPR2023-3D-Occupancy-Prediction,F,D
3278,CVPR2023-3D-Occupancy-Prediction,M,C
3279,CVPR2023-3D-Occupancy-Prediction,C,B
3280,CVPR2023-3D-Occupancy-Prediction,M,A
3281,CVPR2023-3D-Occupancy-Prediction,C,A
3282,CVPR2023-3D-Occupancy-Prediction,M,A
3283,CVPR2023-3D-Occupancy-Prediction,M,A
3284,CVPR2023-3D-Occupancy-Prediction,M,C
3285,CVPR2023-3D-Occupancy-Prediction,M,B
3286,CVPR2023-3D-Occupancy-Prediction,M,A
3287,CVPR2023-3D-Occupancy-Prediction,C,A
3288,CVPR2023-3D-Occupancy-Prediction,M,A
3289,CVPR2023-3D-Occupancy-Prediction,M,A
3290,CVPR2023-3D-Occupancy-Prediction,M,A
3291,CVPR2023-3D-Occupancy-Prediction,M,A
3292,CVPR2023-3D-Occupancy-Prediction,M,A
3293,CVPR2023-3D-Occupancy-Prediction,M,A
3294,CVPR2023-3D-Occupancy-Prediction,M,A
3295,CVPR2023-3D-Occupancy-Prediction,M,A
3296,CVPR2023-3D-Occupancy-Prediction,M,C
3297,CVPR2023-3D-Occupancy-Prediction,C,B
3298,CVPR2023-3D-Occupancy-Prediction,M,B
3299,CVPR2023-3D-Occupancy-Prediction,C,A
3300,CVPR2023-3D-Occupancy-Prediction,M,A
3301,CVPR2023-3D-Occupancy-Prediction,M,A
3302,CVPR2023-3D-Occupancy-Prediction,F,A
3303,CVPR2023-3D-Occupancy-Prediction,M,A
3304,CVPR2023-3D-Occupancy-Prediction,C,A
3305,CVPR2023-3D-Occupancy-Prediction,C,A
3306,CVPR2023-3D-Occupancy-Prediction,M,A
3307,CVPR2023-3D-Occupancy-Prediction,M,A
3308,CVPR2023-3D-Occupancy-Prediction,M,A
3309,CVPR2023-3D-Occupancy-Prediction,M,A
3310,CVPR2023-3D-Occupancy-Prediction,M,C
3311,CVPR2023-3D-Occupancy-Prediction,C,B
3312,CVPR2023-3D-Occupancy-Prediction,M,A
3313,CVPR2023-3D-Occupancy-Prediction,C,A
3314,CVPR2023-3D-Occupancy-Prediction,M,A
3315,CVPR2023-3D-Occupancy-Prediction,M,A
3316,CVPR2023-3D-Occupancy-Prediction,M,A
3317,CVPR2023-3D-Occupancy-Prediction,M,A
3318,CVPR2023-3D-Occupancy-Prediction,M,C
3319,CVPR2023-3D-Occupancy-Prediction,M,B
3320,CVPR2023-3D-Occupancy-Prediction,C,B
3321,CVPR2023-3D-Occupancy-Prediction,M,A
3322,CVPR2023-3D-Occupancy-Prediction,M,A
3323,CVPR2023-3D-Occupancy-Prediction,M,A
3324,CVPR2023-3D-Occupancy-Prediction,M,C
3325,CVPR2023-3D-Occupancy-Prediction,C,C
3326,CVPR2023-3D-Occupancy-Prediction,M,C
3327,CVPR2023-3D-Occupancy-Prediction,M,C
3328,CVPR2023-3D-Occupancy-Prediction,M,B
3329,CVPR2023-3D-Occupancy-Prediction,C,A
3330,CVPR2023-3D-Occupancy-Prediction,M,A
3331,CVPR2023-3D-Occupancy-Prediction,M,A
3332,CVPR2023-3D-Occupancy-Prediction,M,A
3333,CVPR2023-3D-Occupancy-Prediction,M,C
3334,CVPR2023-3D-Occupancy-Prediction,C,B
3335,CVPR2023-3D-Occupancy-Prediction,M,A
3336,CVPR2023-3D-Occupancy-Prediction,M,A
3337,CVPR2023-3D-Occupancy-Prediction,M,C
3338,CVPR2023-3D-Occupancy-Prediction,M,C
3339,CVPR2023-3D-Occupancy-Prediction,C,B
3340,CVPR2023-3D-Occupancy-Prediction,C,A
3341,CVPR2023-3D-Occupancy-Prediction,M,A
3342,CVPR2023-3D-Occupancy-Prediction,M,A
3343,CVPR2023-3D-Occupancy-Prediction,M,A
3344,CVPR2023-3D-Occupancy-Prediction,M,A
3345,CVPR2023-3D-Occupancy-Prediction,F,A
3346,CVPR2023-3D-Occupancy-Prediction,F,A
3347,CVPR2023-3D-Occupancy-Prediction,F,A
3348,CVPR2023-3D-Occupancy-Prediction,F,A
3349,CVPR2023-3D-Occupancy-Prediction,F,A
3350,CVPR2023-3D-Occupancy-Prediction,F,A
3351,CVPR2023-3D-Occupancy-Prediction,F,A
3352,RTM3D,F,A
3353,RTM3D,F,A
3354,RTM3D,F,E
3355,RTM3D,F,C
3356,RTM3D,F,B
3357,RTM3D,F,B
3358,RTM3D,F,A
3359,RTM3D,F,A
3360,RTM3D,F,A
3361,RTM3D,F,A
3362,RTM3D,C,A
3363,RTM3D,C,A
3364,RTM3D,C,A
3365,RTM3D,C,A
3366,RTM3D,C,A
3367,RTM3D,C,A
3368,RTM3D,F,A
3369,RTM3D,F,A
3370,RTM3D,F,A
3371,RTM3D,M,A
3372,RTM3D,M,A
3373,RTM3D,M,A
3374,RTM3D,M,A
3375,RTM3D,M,A
3376,RTM3D,M,A
3377,RTM3D,M,A
3378,RTM3D,M,A
3379,RTM3D,M,A
3380,RTM3D,M,A
3381,RTM3D,M,A
3382,RTM3D,M,A
3383,RTM3D,M,A
3384,RTM3D,F,B
3385,RTM3D,F,A
3386,RTM3D,F,A
3387,RTM3D,C,A
3388,RTM3D,C,A
3389,RTM3D,M,A
3390,RTM3D,M,A
3391,RTM3D,M,A
3392,RTM3D,M,A
3393,RTM3D,M,A
3394,RTM3D,M,A
3395,RTM3D,M,A
3396,RTM3D,M,A
3397,RTM3D,F,B
3398,RTM3D,F,A
3399,RTM3D,F,A
3400,RTM3D,F,A
3401,RTM3D,F,A
3402,RTM3D,F,A
3403,RTM3D,F,A
3404,RTM3D,F,A
3405,RTM3D,F,A
3406,RTM3D,F,A
3407,RTM3D,F,A
3408,RTM3D,F,A
3409,RTM3D,F,A
3410,RTM3D,F,A
3411,RTM3D,F,A
3412,RTM3D,F,A
3413,RTM3D,F,A
3414,RTM3D,C,A
3415,RTM3D,M,A
3416,RTM3D,M,A
3417,RTM3D,F,A
3418,RTM3D,F,A
3419,RTM3D,F,A
3420,RTM3D,F,A
3421,RTM3D,F,A
3422,RTM3D,F,A
3423,RTM3D,F,B
3424,RTM3D,F,A
3425,RTM3D,F,A
3426,RTM3D,M,B
3427,RTM3D,C,A
3428,RTM3D,M,A
3429,RTM3D,M,A
3430,RTM3D,M,A
3431,RTM3D,C,A
3432,RTM3D,C,A
3433,RTM3D,M,A
3434,RTM3D,M,A
3435,RTM3D,M,A
3436,RTM3D,F,A
3437,RTM3D,F,A
3438,RTM3D,M,A
3439,RTM3D,M,A
3440,RTM3D,M,C
3441,RTM3D,C,A
3442,RTM3D,M,A
3443,RTM3D,M,A
3444,RTM3D,M,A
3445,RTM3D,C,A
3446,RTM3D,C,A
3447,RTM3D,M,A
3448,RTM3D,M,A
3449,RTM3D,M,A
3450,RTM3D,M,A
3451,RTM3D,F,A
3452,RTM3D,F,A
3453,RTM3D,M,A
3454,RTM3D,M,A
3455,RTM3D,M,B
3456,RTM3D,F,A
3457,RTM3D,F,A
3458,RTM3D,C,A
3459,RTM3D,F,A
3460,RTM3D,F,A
3461,RTM3D,M,A
3462,RTM3D,F,A
3463,RTM3D,F,A
3464,RTM3D,M,A
3465,RTM3D,C,A
3466,RTM3D,F,A
3467,RTM3D,F,A
3468,RTM3D,F,A
3469,RTM3D,F,A
3470,RTM3D,M,A
3471,RTM3D,M,A
3472,RTM3D,M,A
3473,RTM3D,M,A
3474,RTM3D,M,A
3475,RTM3D,M,D
3476,RTM3D,M,B
3477,RTM3D,C,A
3478,RTM3D,M,A
3479,RTM3D,M,A
3480,RTM3D,M,A
3481,RTM3D,M,A
3482,RTM3D,M,A
3483,RTM3D,M,A
3484,RTM3D,M,A
3485,RTM3D,M,A
3486,RTM3D,M,A
3487,RTM3D,M,A
3488,RTM3D,F,A
3489,RTM3D,F,A
3490,RTM3D,F,A
3491,Ultra-Fast-Lane-Detection,F,A
3492,Ultra-Fast-Lane-Detection,F,A
3493,Ultra-Fast-Lane-Detection,F,A
3494,Ultra-Fast-Lane-Detection,F,A
3495,Ultra-Fast-Lane-Detection,F,B
3496,Ultra-Fast-Lane-Detection,F,A
3497,Ultra-Fast-Lane-Detection,F,A
3498,Ultra-Fast-Lane-Detection,F,A
3499,Ultra-Fast-Lane-Detection,F,A
3500,Ultra-Fast-Lane-Detection,F,A
3501,Ultra-Fast-Lane-Detection,F,A
3502,Ultra-Fast-Lane-Detection,C,A
3503,Ultra-Fast-Lane-Detection,C,A
3504,Ultra-Fast-Lane-Detection,C,A
3505,Ultra-Fast-Lane-Detection,F,A
3506,Ultra-Fast-Lane-Detection,M,A
3507,Ultra-Fast-Lane-Detection,M,A
3508,Ultra-Fast-Lane-Detection,M,A
3509,Ultra-Fast-Lane-Detection,M,A
3510,Ultra-Fast-Lane-Detection,M,A
3511,Ultra-Fast-Lane-Detection,M,A
3512,Ultra-Fast-Lane-Detection,M,A
3513,Ultra-Fast-Lane-Detection,M,A
3514,Ultra-Fast-Lane-Detection,M,A
3515,Ultra-Fast-Lane-Detection,M,A
3516,Ultra-Fast-Lane-Detection,M,A
3517,Ultra-Fast-Lane-Detection,M,A
3518,Ultra-Fast-Lane-Detection,M,A
3519,Ultra-Fast-Lane-Detection,M,A
3520,Ultra-Fast-Lane-Detection,M,A
3521,Ultra-Fast-Lane-Detection,M,B
3522,Ultra-Fast-Lane-Detection,F,B
3523,Ultra-Fast-Lane-Detection,M,B
3524,Ultra-Fast-Lane-Detection,C,B
3525,Ultra-Fast-Lane-Detection,M,A
3526,Ultra-Fast-Lane-Detection,M,A
3527,Ultra-Fast-Lane-Detection,C,A
3528,Ultra-Fast-Lane-Detection,M,A
3529,Ultra-Fast-Lane-Detection,M,A
3530,Ultra-Fast-Lane-Detection,C,A
3531,Ultra-Fast-Lane-Detection,M,A
3532,Ultra-Fast-Lane-Detection,M,A
3533,Ultra-Fast-Lane-Detection,M,A
3534,Ultra-Fast-Lane-Detection,M,A
3535,Ultra-Fast-Lane-Detection,M,A
3536,Ultra-Fast-Lane-Detection,M,A
3537,Ultra-Fast-Lane-Detection,M,A
3538,Ultra-Fast-Lane-Detection,M,A
3539,Ultra-Fast-Lane-Detection,M,A
3540,Ultra-Fast-Lane-Detection,M,A
3541,Ultra-Fast-Lane-Detection,M,A
3542,Ultra-Fast-Lane-Detection,M,A
3543,Ultra-Fast-Lane-Detection,M,A
3544,Ultra-Fast-Lane-Detection,M,A
3545,Ultra-Fast-Lane-Detection,M,A
3546,Ultra-Fast-Lane-Detection,M,B
3547,Ultra-Fast-Lane-Detection,C,B
3548,Ultra-Fast-Lane-Detection,M,B
3549,Ultra-Fast-Lane-Detection,C,A
3550,Ultra-Fast-Lane-Detection,F,A
3551,Ultra-Fast-Lane-Detection,F,A
3552,Ultra-Fast-Lane-Detection,F,A
3553,Ultra-Fast-Lane-Detection,F,A
3554,Ultra-Fast-Lane-Detection,M,A
3555,Ultra-Fast-Lane-Detection,M,A
3556,Ultra-Fast-Lane-Detection,C,A
3557,Ultra-Fast-Lane-Detection,C,A
3558,Ultra-Fast-Lane-Detection,C,A
3559,Ultra-Fast-Lane-Detection,M,A
3560,Ultra-Fast-Lane-Detection,M,A
3561,Ultra-Fast-Lane-Detection,C,A
3562,Ultra-Fast-Lane-Detection,M,A
3563,Ultra-Fast-Lane-Detection,M,A
3564,Ultra-Fast-Lane-Detection,M,A
3565,Ultra-Fast-Lane-Detection,M,A
3566,Ultra-Fast-Lane-Detection,M,A
3567,Ultra-Fast-Lane-Detection,M,A
3568,Ultra-Fast-Lane-Detection,F,B
3569,Ultra-Fast-Lane-Detection,F,A
3570,Ultra-Fast-Lane-Detection,F,A
3571,Ultra-Fast-Lane-Detection,F,A
3572,Ultra-Fast-Lane-Detection,F,A
3573,Ultra-Fast-Lane-Detection,F,A
3574,Ultra-Fast-Lane-Detection,F,A
3575,Ultra-Fast-Lane-Detection,F,B
3576,Ultra-Fast-Lane-Detection,F,A
3577,Ultra-Fast-Lane-Detection,F,A
3578,Ultra-Fast-Lane-Detection,F,A
3579,Ultra-Fast-Lane-Detection,F,A
3580,Ultra-Fast-Lane-Detection,F,A
3581,Ultra-Fast-Lane-Detection,C,A
3582,Ultra-Fast-Lane-Detection,F,A
3583,Ultra-Fast-Lane-Detection,F,A
3584,Ultra-Fast-Lane-Detection,F,A
3585,Ultra-Fast-Lane-Detection,M,A
3586,Ultra-Fast-Lane-Detection,M,A
3587,Ultra-Fast-Lane-Detection,M,A
3588,Ultra-Fast-Lane-Detection,M,A
3589,Ultra-Fast-Lane-Detection,M,A
3590,Ultra-Fast-Lane-Detection,M,A
3591,Ultra-Fast-Lane-Detection,M,A
3592,Ultra-Fast-Lane-Detection,F,A
3593,Ultra-Fast-Lane-Detection,F,A
3594,Ultra-Fast-Lane-Detection,F,A
3595,Ultra-Fast-Lane-Detection,F,B
3596,Ultra-Fast-Lane-Detection,F,B
3597,Ultra-Fast-Lane-Detection,F,A
3598,Ultra-Fast-Lane-Detection,F,A
3599,Ultra-Fast-Lane-Detection,F,A
3600,Ultra-Fast-Lane-Detection,M,B
3601,Ultra-Fast-Lane-Detection,C,B
3602,Ultra-Fast-Lane-Detection,C,A
3603,Ultra-Fast-Lane-Detection,M,A
3604,Ultra-Fast-Lane-Detection,M,A
3605,Ultra-Fast-Lane-Detection,M,A
3606,Ultra-Fast-Lane-Detection,F,B
3607,Ultra-Fast-Lane-Detection,C,B
3608,Ultra-Fast-Lane-Detection,M,B
3609,Ultra-Fast-Lane-Detection,M,A
3610,Ultra-Fast-Lane-Detection,F,A
3611,Ultra-Fast-Lane-Detection,C,A
3612,Ultra-Fast-Lane-Detection,M,A
3613,Ultra-Fast-Lane-Detection,M,A
3614,Ultra-Fast-Lane-Detection,F,B
3615,Ultra-Fast-Lane-Detection,F,B
3616,Ultra-Fast-Lane-Detection,F,B
3617,Ultra-Fast-Lane-Detection,F,A
3618,Ultra-Fast-Lane-Detection,F,A
3619,Ultra-Fast-Lane-Detection,F,A
3620,Ultra-Fast-Lane-Detection,F,A
3621,Ultra-Fast-Lane-Detection,F,A
3622,Ultra-Fast-Lane-Detection,M,C
3623,Ultra-Fast-Lane-Detection,M,C
3624,Ultra-Fast-Lane-Detection,C,B
3625,Ultra-Fast-Lane-Detection,M,A
3626,Ultra-Fast-Lane-Detection,M,A
3627,Ultra-Fast-Lane-Detection,M,B
3628,Ultra-Fast-Lane-Detection,F,B
3629,Ultra-Fast-Lane-Detection,C,B
3630,Ultra-Fast-Lane-Detection,M,A
3631,Ultra-Fast-Lane-Detection,M,A
3632,Ultra-Fast-Lane-Detection,C,A
3633,Ultra-Fast-Lane-Detection,M,A
3634,Ultra-Fast-Lane-Detection,C,A
3635,Ultra-Fast-Lane-Detection,C,A
3636,Ultra-Fast-Lane-Detection,C,A
3637,Ultra-Fast-Lane-Detection,C,A
3638,Ultra-Fast-Lane-Detection,C,A
3639,Ultra-Fast-Lane-Detection,C,A
3640,Ultra-Fast-Lane-Detection,M,A
3641,Ultra-Fast-Lane-Detection,M,A
3642,Ultra-Fast-Lane-Detection,C,A
3643,Ultra-Fast-Lane-Detection,M,A
3644,Ultra-Fast-Lane-Detection,M,A
3645,Ultra-Fast-Lane-Detection,M,A
3646,Ultra-Fast-Lane-Detection,M,A
3647,Ultra-Fast-Lane-Detection,M,A
3648,Ultra-Fast-Lane-Detection,M,A
3649,Ultra-Fast-Lane-Detection,M,A
3650,Ultra-Fast-Lane-Detection,M,A
3651,Ultra-Fast-Lane-Detection,M,A
3652,Ultra-Fast-Lane-Detection,M,A
3653,Ultra-Fast-Lane-Detection,M,A
3654,Ultra-Fast-Lane-Detection,M,C
3655,Ultra-Fast-Lane-Detection,M,B
3656,Ultra-Fast-Lane-Detection,C,B
3657,Ultra-Fast-Lane-Detection,M,A
3658,Ultra-Fast-Lane-Detection,C,A
3659,Ultra-Fast-Lane-Detection,M,A
3660,Ultra-Fast-Lane-Detection,M,A
3661,Ultra-Fast-Lane-Detection,F,A
3662,Ultra-Fast-Lane-Detection,M,A
3663,Ultra-Fast-Lane-Detection,M,A
3664,Ultra-Fast-Lane-Detection,M,A
3665,Ultra-Fast-Lane-Detection,F,A
3666,Ultra-Fast-Lane-Detection,F,A
3667,Ultra-Fast-Lane-Detection,C,A
3668,Ultra-Fast-Lane-Detection,M,A
3669,Ultra-Fast-Lane-Detection,M,A
3670,l5kit,F,B
3671,l5kit,F,B
3672,l5kit,F,A
3673,l5kit,F,A
3674,l5kit,F,A
3675,l5kit,F,A
3676,l5kit,F,A
3677,l5kit,F,B
3678,l5kit,F,A
3679,l5kit,F,A
3680,l5kit,F,A
3681,l5kit,F,A
3682,l5kit,F,A
3683,l5kit,C,A
3684,l5kit,C,A
3685,l5kit,C,A
3686,l5kit,C,A
3687,l5kit,C,A
3688,l5kit,C,A
3689,l5kit,F,B
3690,l5kit,F,A
3691,l5kit,M,A
3692,l5kit,C,A
3693,l5kit,M,A
3694,l5kit,M,A
3695,l5kit,M,A
3696,l5kit,C,A
3697,l5kit,M,A
3698,l5kit,M,A
3699,l5kit,M,A
3700,l5kit,M,A
3701,l5kit,C,A
3702,l5kit,M,A
3703,l5kit,M,A
3704,l5kit,M,A
3705,l5kit,M,A
3706,l5kit,C,A
3707,l5kit,M,A
3708,l5kit,M,A
3709,l5kit,M,A
3710,l5kit,M,A
3711,l5kit,M,B
3712,l5kit,C,A
3713,l5kit,M,A
3714,l5kit,F,A
3715,l5kit,F,A
3716,l5kit,F,A
3717,l5kit,M,A
3718,l5kit,M,A
3719,l5kit,M,B
3720,l5kit,C,A
3721,l5kit,M,A
3722,l5kit,F,A
3723,l5kit,F,A
3724,l5kit,C,A
3725,l5kit,M,A
3726,l5kit,M,A
3727,l5kit,M,A
3728,l5kit,F,B
3729,l5kit,F,A
3730,l5kit,C,A
3731,l5kit,M,A
3732,l5kit,M,A
3733,l5kit,C,A
3734,l5kit,M,A
3735,l5kit,M,A
3736,l5kit,M,A
3737,l5kit,M,A
3738,l5kit,F,B
3739,l5kit,F,A
3740,l5kit,F,A
3741,l5kit,F,A
3742,l5kit,F,A
3743,l5kit,F,A
3744,l5kit,F,A
3745,l5kit,M,A
3746,l5kit,M,A
3747,l5kit,C,A
3748,l5kit,M,A
3749,l5kit,M,A
3750,l5kit,M,A
3751,l5kit,M,A
3752,l5kit,M,A
3753,l5kit,F,C
3754,l5kit,F,B
3755,l5kit,F,A
3756,l5kit,F,A
3757,l5kit,F,A
3758,l5kit,F,A
3759,l5kit,F,A
3760,l5kit,M,B
3761,l5kit,M,A
3762,l5kit,C,A
3763,l5kit,M,A
3764,l5kit,M,A
3765,l5kit,C,A
3766,l5kit,M,A
3767,l5kit,M,A
3768,l5kit,C,A
3769,l5kit,C,A
3770,l5kit,M,A
3771,l5kit,M,A
3772,l5kit,M,A
3773,l5kit,M,A
3774,l5kit,M,A
3775,l5kit,M,A
3776,l5kit,M,A
3777,l5kit,M,A
3778,l5kit,M,A
3779,l5kit,M,A
3780,l5kit,M,A
3781,l5kit,M,A
3782,l5kit,M,A
3783,l5kit,M,A
3784,l5kit,M,A
3785,l5kit,M,A
3786,l5kit,M,A
3787,l5kit,M,B
3788,l5kit,C,A
3789,l5kit,M,A
3790,l5kit,C,A
3791,l5kit,C,A
3792,l5kit,C,A
3793,l5kit,M,A
3794,l5kit,M,A
3795,l5kit,M,A
3796,l5kit,M,A
3797,l5kit,M,A
3798,l5kit,M,A
3799,l5kit,M,A
3800,l5kit,M,A
3801,l5kit,M,A
3802,l5kit,M,B
3803,l5kit,C,A
3804,l5kit,M,A
3805,l5kit,M,A
3806,l5kit,M,A
3807,l5kit,F,B
3808,l5kit,M,B
3809,l5kit,C,A
3810,l5kit,F,A
3811,l5kit,C,A
3812,l5kit,M,A
3813,l5kit,M,A
3814,l5kit,F,A
3815,l5kit,C,A
3816,l5kit,M,A
3817,l5kit,M,A
3818,l5kit,M,A
3819,l5kit,C,A
3820,l5kit,M,A
3821,l5kit,M,A
3822,l5kit,M,A
3823,l5kit,M,A
3824,l5kit,M,A
3825,l5kit,M,A
3826,l5kit,M,A
3827,l5kit,M,A
3828,l5kit,M,A
3829,l5kit,M,A
3830,l5kit,F,A
3831,l5kit,F,A
3832,l5kit,F,A
3833,l5kit,F,A
3834,l5kit,F,A
3835,l5kit,F,A
3836,l5kit,F,A
3837,l5kit,F,A
3838,l5kit,F,A
3839,l5kit,F,A
3840,l5kit,F,A
3841,l5kit,F,A
3842,l5kit,F,A
3843,l5kit,F,B
3844,l5kit,F,A
3845,l5kit,F,B
3846,l5kit,F,A
3847,l5kit,F,A
3848,l5kit,F,A
3849,l5kit,F,B
3850,l5kit,F,B
3851,l5kit,F,A
3852,l5kit,F,A
3853,l5kit,F,A
3854,l5kit,F,A
3855,l5kit,F,A
3856,l5kit,F,A
3857,l5kit,F,A
3858,l5kit,F,A
3859,l5kit,F,A
3860,l5kit,F,B
3861,l5kit,F,B
3862,l5kit,F,A
3863,l5kit,F,B
3864,l5kit,F,A
3865,l5kit,F,C
3866,l5kit,F,A
3867,l5kit,F,B
3868,l5kit,F,B
3869,l5kit,F,A
3870,l5kit,F,A
3871,l5kit,F,A
3872,l5kit,F,A
3873,l5kit,F,A
3874,l5kit,F,B
3875,l5kit,F,A
3876,l5kit,F,A
3877,l5kit,F,A
3878,l5kit,F,A
3879,l5kit,F,A
3880,l5kit,F,A
3881,l5kit,F,A
3882,l5kit,F,B
3883,l5kit,F,B
3884,l5kit,F,B
3885,l5kit,F,A
3886,l5kit,F,A
3887,l5kit,F,A
3888,l5kit,F,C
3889,l5kit,F,A
3890,l5kit,F,A
3891,l5kit,F,A
3892,l5kit,F,A
3893,l5kit,F,A
3894,l5kit,F,A
3895,l5kit,F,A
3896,l5kit,F,A
3897,l5kit,F,A
3898,l5kit,F,A
3899,l5kit,F,A
3900,l5kit,F,A
3901,l5kit,F,A
3902,l5kit,F,A
3903,l5kit,F,A
3904,l5kit,F,C
3905,l5kit,F,B
3906,l5kit,F,A
3907,l5kit,F,A
3908,l5kit,F,A
3909,l5kit,F,C
3910,l5kit,F,A
3911,l5kit,F,B
3912,l5kit,F,A
3913,l5kit,F,A
3914,l5kit,F,B
3915,l5kit,F,B
3916,l5kit,F,B
3917,l5kit,F,B
3918,l5kit,F,A
3919,l5kit,F,B
3920,l5kit,F,A
3921,l5kit,C,A
3922,l5kit,M,A
3923,l5kit,C,A
3924,l5kit,F,A
3925,l5kit,M,A
3926,l5kit,M,A
3927,l5kit,M,A
3928,l5kit,M,A
3929,l5kit,M,A
3930,l5kit,M,A
3931,l5kit,M,A
3932,l5kit,F,B
3933,l5kit,F,B
3934,l5kit,F,B
3935,l5kit,F,B
3936,l5kit,F,A
3937,l5kit,F,A
3938,l5kit,F,A
3939,l5kit,F,A
3940,l5kit,F,D
3941,l5kit,F,C
3942,l5kit,F,C
3943,l5kit,F,B
3944,l5kit,C,A
3945,l5kit,F,A
3946,l5kit,M,A
3947,l5kit,M,A
3948,l5kit,F,D
3949,l5kit,F,A
3950,l5kit,F,A
3951,l5kit,F,A
3952,l5kit,C,A
3953,l5kit,M,A
3954,l5kit,M,A
3955,l5kit,M,A
3956,l5kit,C,A
3957,l5kit,M,A
3958,l5kit,M,A
3959,l5kit,M,A
3960,l5kit,M,A
3961,l5kit,M,A
3962,l5kit,M,A
3963,l5kit,M,A
3964,l5kit,F,C
3965,l5kit,F,A
3966,l5kit,F,A
3967,l5kit,C,A
3968,l5kit,M,A
3969,l5kit,M,A
3970,l5kit,F,A
3971,l5kit,F,C
3972,l5kit,F,B
3973,l5kit,F,B
3974,l5kit,F,B
3975,l5kit,F,A
3976,l5kit,F,A
3977,l5kit,F,A
3978,l5kit,F,A
3979,l5kit,F,A
3980,l5kit,F,B
3981,l5kit,F,B
3982,l5kit,F,B
3983,l5kit,F,A
3984,l5kit,F,A
3985,l5kit,F,B
3986,l5kit,F,A
3987,l5kit,F,A
3988,l5kit,F,A
3989,l5kit,F,A
3990,l5kit,F,A
3991,l5kit,F,A
3992,l5kit,F,A
3993,l5kit,F,A
3994,l5kit,F,A
3995,l5kit,F,A
3996,l5kit,F,A
3997,l5kit,F,A
3998,l5kit,F,A
3999,l5kit,F,C
4000,l5kit,F,A
4001,l5kit,F,A
4002,l5kit,F,A
4003,l5kit,F,A
4004,l5kit,F,A
4005,l5kit,F,B
4006,l5kit,F,A
4007,l5kit,F,A
4008,l5kit,F,A
4009,l5kit,F,A
4010,l5kit,F,A
4011,l5kit,F,A
4012,l5kit,F,A
4013,l5kit,F,B
4014,l5kit,F,B
4015,l5kit,F,A
4016,l5kit,F,A
4017,l5kit,F,B
4018,l5kit,F,A
4019,l5kit,F,A
4020,l5kit,F,D
4021,l5kit,F,C
4022,l5kit,F,B
4023,l5kit,C,A
4024,l5kit,C,A
4025,l5kit,C,A
4026,l5kit,M,A
4027,l5kit,M,A
4028,l5kit,M,A
4029,l5kit,M,A
4030,l5kit,M,A
4031,l5kit,M,A
4032,l5kit,M,A
4033,l5kit,M,A
4034,l5kit,C,A
4035,l5kit,C,A
4036,l5kit,M,A
4037,l5kit,C,A
4038,l5kit,C,A
4039,l5kit,M,A
4040,l5kit,C,A
4041,l5kit,C,A
4042,l5kit,M,A
4043,l5kit,M,A
4044,l5kit,M,A
4045,l5kit,M,A
4046,l5kit,M,A
4047,l5kit,M,A
4048,l5kit,M,A
4049,l5kit,M,A
4050,l5kit,M,A
4051,l5kit,M,A
4052,l5kit,M,A
4053,l5kit,M,A
4054,l5kit,M,A
4055,l5kit,M,A
4056,l5kit,M,A
4057,l5kit,M,A
4058,l5kit,M,A
4059,l5kit,M,A
4060,l5kit,M,A
4061,l5kit,M,A
4062,l5kit,M,A
4063,l5kit,M,A
4064,l5kit,M,A
4065,l5kit,M,A
4066,l5kit,M,A
4067,l5kit,M,A
4068,l5kit,C,A
4069,l5kit,C,A
4070,l5kit,C,A
4071,l5kit,M,A
4072,l5kit,M,A
4073,l5kit,M,A
4074,l5kit,M,A
4075,l5kit,M,A
4076,l5kit,M,A
4077,l5kit,C,A
4078,l5kit,M,A
4079,l5kit,M,A
4080,l5kit,M,A
4081,l5kit,M,A
4082,l5kit,M,A
4083,l5kit,M,A
4084,l5kit,M,A
4085,l5kit,M,A
4086,l5kit,M,A
4087,l5kit,M,A
4088,l5kit,M,A
4089,l5kit,F,A
4090,l5kit,F,A
4091,l5kit,F,A
4092,l5kit,M,B
4093,l5kit,C,B
4094,l5kit,M,A
4095,l5kit,C,A
4096,l5kit,M,A
4097,l5kit,M,A
4098,l5kit,M,C
4099,l5kit,C,B
4100,l5kit,M,A
4101,l5kit,M,A
4102,l5kit,M,A
4103,l5kit,C,A
4104,l5kit,M,A
4105,l5kit,C,A
4106,l5kit,M,A
4107,l5kit,M,A
4108,l5kit,C,A
4109,l5kit,M,A
4110,l5kit,M,A
4111,l5kit,M,A
4112,l5kit,M,A
4113,l5kit,C,A
4114,l5kit,C,A
4115,l5kit,M,A
4116,l5kit,C,A
4117,l5kit,M,A
4118,l5kit,M,A
4119,l5kit,C,A
4120,l5kit,M,A
4121,l5kit,M,A
4122,l5kit,M,A
4123,l5kit,M,A
4124,l5kit,M,A
4125,l5kit,M,C
4126,l5kit,C,B
4127,l5kit,M,A
4128,l5kit,M,A
4129,l5kit,F,A
4130,l5kit,F,A
4131,l5kit,F,A
4132,l5kit,F,A
4133,l5kit,F,A
4134,l5kit,F,B
4135,l5kit,F,A
4136,l5kit,F,A
4137,l5kit,F,A
4138,l5kit,F,A
4139,l5kit,F,A
4140,l5kit,F,A
4141,l5kit,M,C
4142,l5kit,M,B
4143,l5kit,M,B
4144,l5kit,M,B
4145,l5kit,C,B
4146,l5kit,C,A
4147,l5kit,M,A
4148,l5kit,M,A
4149,l5kit,C,A
4150,l5kit,M,A
4151,l5kit,C,A
4152,l5kit,C,A
4153,l5kit,C,A
4154,l5kit,M,A
4155,l5kit,M,A
4156,l5kit,M,A
4157,l5kit,M,B
4158,l5kit,M,A
4159,l5kit,M,A
4160,l5kit,C,A
4161,l5kit,M,A
4162,l5kit,M,A
4163,l5kit,M,A
4164,l5kit,M,A
4165,l5kit,M,A
4166,l5kit,M,A
4167,l5kit,M,A
4168,l5kit,C,A
4169,l5kit,M,A
4170,l5kit,F,B
4171,l5kit,F,B
4172,l5kit,F,A
4173,l5kit,M,B
4174,l5kit,C,A
4175,l5kit,M,A
4176,l5kit,M,A
4177,l5kit,M,A
4178,l5kit,F,A
4179,l5kit,F,A
4180,l5kit,F,A
4181,l5kit,F,A
4182,l5kit,F,A
4183,l5kit,C,A
4184,l5kit,C,A
4185,l5kit,M,A
4186,l5kit,M,A
4187,l5kit,M,A
4188,l5kit,M,A
4189,l5kit,M,A
4190,l5kit,F,A
4191,l5kit,F,A
4192,l5kit,C,A
4193,l5kit,C,A
4194,l5kit,C,A
4195,l5kit,M,A
4196,l5kit,M,A
4197,l5kit,M,B
4198,l5kit,M,B
4199,l5kit,M,B
4200,l5kit,C,A
4201,l5kit,M,A
4202,l5kit,M,A
4203,l5kit,M,A
4204,l5kit,M,A
4205,l5kit,C,A
4206,l5kit,C,A
4207,l5kit,M,A
4208,l5kit,M,A
4209,l5kit,M,A
4210,l5kit,M,A
4211,l5kit,M,A
4212,l5kit,M,A
4213,l5kit,M,A
4214,l5kit,M,A
4215,l5kit,C,A
4216,l5kit,M,A
4217,l5kit,C,A
4218,l5kit,M,A
4219,l5kit,M,A
4220,l5kit,M,A
4221,l5kit,M,A
4222,l5kit,M,C
4223,l5kit,M,B
4224,l5kit,M,B
4225,l5kit,C,A
4226,l5kit,M,A
4227,l5kit,M,A
4228,l5kit,M,A
4229,l5kit,C,A
4230,l5kit,M,A
4231,l5kit,C,A
4232,l5kit,M,A
4233,l5kit,C,A
4234,l5kit,M,A
4235,l5kit,M,A
4236,l5kit,M,A
4237,l5kit,M,A
4238,l5kit,M,A
4239,l5kit,F,B
4240,l5kit,F,A
4241,l5kit,F,A
4242,l5kit,F,A
4243,l5kit,F,A
4244,l5kit,F,A
4245,l5kit,F,A
4246,l5kit,F,A
4247,l5kit,F,A
4248,l5kit,F,A
4249,l5kit,F,A
4250,l5kit,F,A
4251,l5kit,F,A
4252,l5kit,C,A
4253,l5kit,F,A
4254,l5kit,F,C
4255,l5kit,F,B
4256,l5kit,F,B
4257,l5kit,F,B
4258,l5kit,F,A
4259,l5kit,F,A
4260,l5kit,F,A
4261,l5kit,F,A
4262,l5kit,F,A
4263,l5kit,F,B
4264,l5kit,F,B
4265,l5kit,F,A
4266,l5kit,F,A
4267,l5kit,F,A
4268,l5kit,M,B
4269,l5kit,C,A
4270,l5kit,F,A
4271,l5kit,M,A
4272,l5kit,C,A
4273,l5kit,M,A
4274,l5kit,F,A
4275,l5kit,F,A
4276,l5kit,F,A
4277,l5kit,F,A
4278,l5kit,F,A
4279,l5kit,F,A
4280,l5kit,F,C
4281,l5kit,F,A
4282,l5kit,F,A
4283,l5kit,F,A
4284,l5kit,F,A
4285,l5kit,F,A
4286,l5kit,F,A
4287,l5kit,F,A
4288,l5kit,F,A
4289,l5kit,C,A
4290,l5kit,C,A
4291,l5kit,C,A
4292,l5kit,M,A
4293,l5kit,C,A
4294,l5kit,C,A
4295,l5kit,M,A
4296,l5kit,M,A
4297,l5kit,M,A
4298,l5kit,M,A
4299,l5kit,M,A
4300,l5kit,M,A
4301,l5kit,M,A
4302,l5kit,M,A
4303,l5kit,M,A
4304,l5kit,F,A
4305,l5kit,F,B
4306,l5kit,F,B
4307,l5kit,F,A
4308,l5kit,F,A
4309,l5kit,F,A
4310,l5kit,F,A
4311,l5kit,M,B
4312,l5kit,M,A
4313,l5kit,M,A
4314,l5kit,M,A
4315,l5kit,M,A
4316,l5kit,C,A
4317,l5kit,M,A
4318,l5kit,M,A
4319,l5kit,M,A
4320,l5kit,M,A
4321,l5kit,M,A
4322,l5kit,M,A
4323,l5kit,M,A
4324,l5kit,M,A
4325,l5kit,M,A
4326,l5kit,M,A
4327,l5kit,C,A
4328,l5kit,C,A
4329,l5kit,M,A
4330,l5kit,M,A
4331,l5kit,M,A
4332,l5kit,M,A
4333,l5kit,M,A
4334,l5kit,M,A
4335,l5kit,C,A
4336,l5kit,M,A
4337,l5kit,M,A
4338,l5kit,M,A
4339,l5kit,M,A
4340,l5kit,M,A
4341,l5kit,C,A
4342,l5kit,M,A
4343,l5kit,C,A
4344,l5kit,M,A
4345,l5kit,M,A
4346,l5kit,F,A
4347,l5kit,F,A
4348,l5kit,F,A
4349,l5kit,F,A
4350,l5kit,F,A
4351,l5kit,F,A
4352,l5kit,F,A
4353,l5kit,F,A
4354,l5kit,F,A
4355,l5kit,F,A
4356,l5kit,F,A
4357,l5kit,C,A
4358,l5kit,C,A
4359,l5kit,M,A
4360,l5kit,M,A
4361,l5kit,C,A
4362,l5kit,M,A
4363,l5kit,C,A
4364,l5kit,C,A
4365,l5kit,C,A
4366,l5kit,C,A
4367,l5kit,C,A
4368,l5kit,M,A
4369,l5kit,C,A
4370,l5kit,M,A
4371,l5kit,C,A
4372,l5kit,C,A
4373,l5kit,M,A
4374,l5kit,C,A
4375,l5kit,C,A
4376,l5kit,M,A
4377,l5kit,M,A
4378,l5kit,M,A
4379,l5kit,M,A
4380,l5kit,M,A
4381,l5kit,M,A
4382,l5kit,M,A
4383,l5kit,M,A
4384,l5kit,M,A
4385,l5kit,M,A
4386,l5kit,M,A
4387,l5kit,M,A
4388,l5kit,M,C
4389,l5kit,M,B
4390,l5kit,C,A
4391,l5kit,M,A
4392,l5kit,M,A
4393,l5kit,M,A
4394,l5kit,M,A
4395,l5kit,M,A
4396,l5kit,M,A
4397,l5kit,M,A
4398,l5kit,C,A
4399,l5kit,M,A
4400,l5kit,M,A
4401,l5kit,M,A
4402,l5kit,M,A
4403,l5kit,M,A
4404,l5kit,M,A
4405,l5kit,C,B
4406,l5kit,M,B
4407,l5kit,M,B
4408,l5kit,M,B
4409,l5kit,M,A
4410,l5kit,C,A
4411,l5kit,M,A
4412,l5kit,C,A
4413,l5kit,C,A
4414,l5kit,C,A
4415,l5kit,C,A
4416,l5kit,M,A
4417,l5kit,C,A
4418,l5kit,M,A
4419,l5kit,M,A
4420,l5kit,M,A
4421,l5kit,C,A
4422,l5kit,M,A
4423,l5kit,F,B
4424,l5kit,C,A
4425,l5kit,C,A
4426,l5kit,M,A
4427,l5kit,M,A
4428,l5kit,M,A
4429,l5kit,M,A
4430,l5kit,M,A
4431,l5kit,M,A
4432,l5kit,M,A
4433,l5kit,M,A
4434,l5kit,M,A
4435,l5kit,M,A
4436,l5kit,M,A
4437,l5kit,M,A
4438,l5kit,C,A
4439,l5kit,M,A
4440,l5kit,C,A
4441,l5kit,C,A
4442,l5kit,C,A
4443,l5kit,C,A
4444,l5kit,M,A
4445,l5kit,M,A
4446,l5kit,M,A
4447,l5kit,M,A
4448,l5kit,M,A
4449,l5kit,M,A
4450,l5kit,C,A
4451,l5kit,M,A
4452,MotionPlanning,F,C
4453,MotionPlanning,F,B
4454,MotionPlanning,F,B
4455,MotionPlanning,F,B
4456,MotionPlanning,F,B
4457,MotionPlanning,F,B
4458,MotionPlanning,F,B
4459,MotionPlanning,F,A
4460,MotionPlanning,F,A
4461,MotionPlanning,F,A
4462,MotionPlanning,F,A
4463,MotionPlanning,F,A
4464,MotionPlanning,C,A
4465,MotionPlanning,C,A
4466,MotionPlanning,C,A
4467,MotionPlanning,C,A
4468,MotionPlanning,F,A
4469,MotionPlanning,F,A
4470,MotionPlanning,F,A
4471,MotionPlanning,F,A
4472,MotionPlanning,C,A
4473,MotionPlanning,M,A
4474,MotionPlanning,M,A
4475,MotionPlanning,M,A
4476,MotionPlanning,M,A
4477,MotionPlanning,M,A
4478,MotionPlanning,M,A
4479,MotionPlanning,M,A
4480,MotionPlanning,F,C
4481,MotionPlanning,F,C
4482,MotionPlanning,F,B
4483,MotionPlanning,F,B
4484,MotionPlanning,F,B
4485,MotionPlanning,F,B
4486,MotionPlanning,F,B
4487,MotionPlanning,F,B
4488,MotionPlanning,F,A
4489,MotionPlanning,F,A
4490,MotionPlanning,F,A
4491,MotionPlanning,F,A
4492,MotionPlanning,F,A
4493,MotionPlanning,F,A
4494,MotionPlanning,C,A
4495,MotionPlanning,C,A
4496,MotionPlanning,C,A
4497,MotionPlanning,C,A
4498,MotionPlanning,F,A
4499,MotionPlanning,F,A
4500,MotionPlanning,F,A
4501,MotionPlanning,F,A
4502,MotionPlanning,F,A
4503,MotionPlanning,C,A
4504,MotionPlanning,M,A
4505,MotionPlanning,M,A
4506,MotionPlanning,M,A
4507,MotionPlanning,M,A
4508,MotionPlanning,M,A
4509,MotionPlanning,M,A
4510,MotionPlanning,M,A
4511,MotionPlanning,F,C
4512,MotionPlanning,F,B
4513,MotionPlanning,F,B
4514,MotionPlanning,F,B
4515,MotionPlanning,F,B
4516,MotionPlanning,F,A
4517,MotionPlanning,C,A
4518,MotionPlanning,C,A
4519,MotionPlanning,F,A
4520,MotionPlanning,F,A
4521,MotionPlanning,F,A
4522,MotionPlanning,F,A
4523,MotionPlanning,F,A
4524,MotionPlanning,F,A
4525,MotionPlanning,F,A
4526,MotionPlanning,M,A
4527,MotionPlanning,M,A
4528,MotionPlanning,C,A
4529,MotionPlanning,C,A
4530,MotionPlanning,F,A
4531,MotionPlanning,M,A
4532,MotionPlanning,M,A
4533,MotionPlanning,F,C
4534,MotionPlanning,F,B
4535,MotionPlanning,F,A
4536,MotionPlanning,F,A
4537,MotionPlanning,F,A
4538,MotionPlanning,F,A
4539,MotionPlanning,F,A
4540,MotionPlanning,F,A
4541,MotionPlanning,F,A
4542,MotionPlanning,F,A
4543,MotionPlanning,F,A
4544,MotionPlanning,F,A
4545,MotionPlanning,C,A
4546,MotionPlanning,F,A
4547,MotionPlanning,M,A
4548,MotionPlanning,F,C
4549,MotionPlanning,C,A
4550,MotionPlanning,C,A
4551,MotionPlanning,M,A
4552,MotionPlanning,M,A
4553,MotionPlanning,M,A
4554,MotionPlanning,M,A
4555,MotionPlanning,M,A
4556,MotionPlanning,M,A
4557,MotionPlanning,C,A
4558,MotionPlanning,M,A
4559,MotionPlanning,M,A
4560,MotionPlanning,M,A
4561,MotionPlanning,M,A
4562,MotionPlanning,M,A
4563,MotionPlanning,F,C
4564,MotionPlanning,F,C
4565,MotionPlanning,F,C
4566,MotionPlanning,F,B
4567,MotionPlanning,F,B
4568,MotionPlanning,F,B
4569,MotionPlanning,F,B
4570,MotionPlanning,F,B
4571,MotionPlanning,F,B
4572,MotionPlanning,F,A
4573,MotionPlanning,F,A
4574,MotionPlanning,F,A
4575,MotionPlanning,F,A
4576,MotionPlanning,F,A
4577,MotionPlanning,F,A
4578,MotionPlanning,F,A
4579,MotionPlanning,F,A
4580,MotionPlanning,F,A
4581,MotionPlanning,F,A
4582,MotionPlanning,F,A
4583,MotionPlanning,F,A
4584,MotionPlanning,F,A
4585,MotionPlanning,F,A
4586,MotionPlanning,F,A
4587,MotionPlanning,F,A
4588,MotionPlanning,F,A
4589,MotionPlanning,F,A
4590,MotionPlanning,C,A
4591,MotionPlanning,F,A
4592,MotionPlanning,F,A
4593,MotionPlanning,M,A
4594,MotionPlanning,F,A
4595,MotionPlanning,C,A
4596,MotionPlanning,M,A
4597,MotionPlanning,M,A
4598,MotionPlanning,M,A
4599,MotionPlanning,M,A
4600,MotionPlanning,M,A
4601,MotionPlanning,F,A
4602,MotionPlanning,F,A
4603,MotionPlanning,M,A
4604,MotionPlanning,C,A
4605,MotionPlanning,M,A
4606,MotionPlanning,M,A
4607,MotionPlanning,M,A
4608,MotionPlanning,M,A
4609,MotionPlanning,M,A
4610,MotionPlanning,M,A
4611,MotionPlanning,C,A
4612,MotionPlanning,C,A
4613,MotionPlanning,M,A
4614,MotionPlanning,M,A
4615,MotionPlanning,M,B
4616,MotionPlanning,M,B
4617,MotionPlanning,M,B
4618,MotionPlanning,C,B
4619,MotionPlanning,C,A
4620,MotionPlanning,M,A
4621,MotionPlanning,M,A
4622,MotionPlanning,M,A
4623,MotionPlanning,F,A
4624,MotionPlanning,M,A
4625,MotionPlanning,M,A
4626,MotionPlanning,F,C
4627,MotionPlanning,F,C
4628,MotionPlanning,F,B
4629,MotionPlanning,F,B
4630,MotionPlanning,F,B
4631,MotionPlanning,F,A
4632,MotionPlanning,F,A
4633,MotionPlanning,F,A
4634,MotionPlanning,F,A
4635,MotionPlanning,F,A
4636,MotionPlanning,F,A
4637,MotionPlanning,C,A
4638,MotionPlanning,F,A
4639,MotionPlanning,F,A
4640,MotionPlanning,C,A
4641,MotionPlanning,M,A
4642,MotionPlanning,C,A
4643,MotionPlanning,F,A
4644,MotionPlanning,M,A
4645,MotionPlanning,F,B
4646,MotionPlanning,F,B
4647,MotionPlanning,F,A
4648,MotionPlanning,F,A
4649,MotionPlanning,C,A
4650,MotionPlanning,M,A
4651,MotionPlanning,C,A
4652,MotionPlanning,F,A
4653,MotionPlanning,C,A
4654,MotionPlanning,M,A
4655,MotionPlanning,M,A
4656,MotionPlanning,M,A
4657,MotionPlanning,M,A
4658,MotionPlanning,F,B
4659,MotionPlanning,F,B
4660,MotionPlanning,C,B
4661,MotionPlanning,M,A
4662,MotionPlanning,M,A
4663,MotionPlanning,M,A
4664,MotionPlanning,C,A
4665,MotionPlanning,C,A
4666,MotionPlanning,M,A
4667,MotionPlanning,F,A
4668,MotionPlanning,M,A
4669,MotionPlanning,C,A
4670,MotionPlanning,M,A
4671,MotionPlanning,M,A
4672,MotionPlanning,M,A
4673,MotionPlanning,C,A
4674,MotionPlanning,M,A
4675,MotionPlanning,M,A
4676,MotionPlanning,M,A
4677,MotionPlanning,C,A
4678,MotionPlanning,F,A
4679,MotionPlanning,M,A
4680,MotionPlanning,F,B
4681,MotionPlanning,F,B
4682,MotionPlanning,F,B
4683,MotionPlanning,F,A
4684,MotionPlanning,F,A
4685,MotionPlanning,C,A
4686,MotionPlanning,M,A
4687,MotionPlanning,M,A
4688,MotionPlanning,C,A
4689,MotionPlanning,M,A
4690,MotionPlanning,F,A
4691,MotionPlanning,F,A
4692,MotionPlanning,F,A
4693,MotionPlanning,C,A
4694,MotionPlanning,M,A
4695,MotionPlanning,M,A
4696,MotionPlanning,M,A
4697,MotionPlanning,F,B
4698,MotionPlanning,F,B
4699,MotionPlanning,F,B
4700,MotionPlanning,F,A
4701,MotionPlanning,F,A
4702,MotionPlanning,F,A
4703,MotionPlanning,C,A
4704,MotionPlanning,M,A
4705,MotionPlanning,M,A
4706,MotionPlanning,C,A
4707,MotionPlanning,M,A
4708,MotionPlanning,F,A
4709,MotionPlanning,F,A
4710,MotionPlanning,C,A
4711,MotionPlanning,M,A
4712,MotionPlanning,M,A
4713,MotionPlanning,M,A
4714,MotionPlanning,F,A
4715,MotionPlanning,F,A
4716,MotionPlanning,F,A
4717,MotionPlanning,F,B
4718,MotionPlanning,F,B
4719,MotionPlanning,F,A
4720,MotionPlanning,M,A
4721,MotionPlanning,C,A
4722,MotionPlanning,M,A
4723,MotionPlanning,C,A
4724,MotionPlanning,M,A
4725,MotionPlanning,C,A
4726,MotionPlanning,F,A
4727,MotionPlanning,C,A
4728,MotionPlanning,M,A
4729,MotionPlanning,M,A
4730,MotionPlanning,M,A
4731,MotionPlanning,M,A
4732,MotionPlanning,M,A
4733,MotionPlanning,M,A
4734,MotionPlanning,F,A
4735,MotionPlanning,F,A
4736,MotionPlanning,F,A
4737,MotionPlanning,C,A
4738,MotionPlanning,M,A
4739,MotionPlanning,C,A
4740,MotionPlanning,M,A
4741,MotionPlanning,F,A
4742,MotionPlanning,C,A
4743,MotionPlanning,M,A
4744,MotionPlanning,M,A
4745,MotionPlanning,M,A
4746,MotionPlanning,C,A
4747,MotionPlanning,F,A
4748,MotionPlanning,M,A
4749,MotionPlanning,F,B
4750,MotionPlanning,F,B
4751,MotionPlanning,C,B
4752,MotionPlanning,M,A
4753,MotionPlanning,M,A
4754,MotionPlanning,M,A
4755,MotionPlanning,C,A
4756,MotionPlanning,C,A
4757,MotionPlanning,M,A
4758,MotionPlanning,F,A
4759,MotionPlanning,M,A
4760,MotionPlanning,C,A
4761,MotionPlanning,M,A
4762,MotionPlanning,C,A
4763,MotionPlanning,M,A
4764,MotionPlanning,M,A
4765,MotionPlanning,M,A
4766,MotionPlanning,M,A
4767,MotionPlanning,M,A
