,Repository,LOC,LLOC,SLOC,Comments,Single Comments,Multi,Blank,(C%L),(C%S),(C+M%L)
0,VoxFormer,263,139,212,26,26,0,25,10%,12%,10%
1,VoxFormer,261,137,195,40,39,0,27,15%,21%,15%
2,VoxFormer,0,0,0,0,0,0,0,0%,0%,0%
3,VoxFormer,3,3,3,0,0,0,0,0%,0%,0%
4,VoxFormer,7,6,6,0,0,0,1,0%,0%,0%
5,VoxFormer,1,1,1,0,0,0,0,0%,0%,0%
6,VoxFormer,254,135,166,21,18,37,33,8%,13%,23%
7,VoxFormer,3,2,2,1,1,0,0,33%,50%,33%
8,VoxFormer,178,80,82,52,50,26,20,29%,63%,44%
9,VoxFormer,67,15,48,5,5,8,6,7%,10%,19%
10,VoxFormer,200,86,158,27,22,0,20,14%,17%,14%
11,VoxFormer,95,54,69,7,7,8,11,7%,10%,16%
12,VoxFormer,1,1,1,0,0,0,0,0%,0%,0%
13,VoxFormer,203,156,167,31,6,3,27,15%,19%,17%
14,VoxFormer,45,20,28,7,5,0,12,16%,25%,16%
15,VoxFormer,3,3,3,0,0,0,0,0%,0%,0%
16,VoxFormer,133,85,97,11,9,3,24,8%,11%,11%
17,VoxFormer,1,1,1,0,0,0,0,0%,0%,0%
18,VoxFormer,14,9,9,0,0,0,5,0%,0%,0%
19,VoxFormer,2,2,2,0,0,0,0,0%,0%,0%
20,VoxFormer,170,81,104,10,12,33,21,6%,10%,25%
21,VoxFormer,366,174,228,75,51,17,70,20%,33%,25%
22,VoxFormer,278,112,161,20,21,58,38,7%,12%,28%
23,VoxFormer,163,45,84,5,5,52,22,3%,6%,35%
24,VoxFormer,4,4,4,0,0,0,0,0%,0%,0%
25,VoxFormer,403,168,236,17,19,105,43,4%,7%,30%
26,VoxFormer,395,134,244,21,20,82,49,5%,9%,26%
27,VoxFormer,253,95,160,12,8,59,26,5%,8%,28%
28,VoxFormer,193,90,142,13,12,15,24,7%,9%,15%
29,VoxFormer,89,54,60,10,11,0,18,11%,17%,11%
30,VoxFormer,1,1,1,0,0,0,0,0%,0%,0%
31,VoxFormer,503,276,311,28,21,86,85,6%,9%,23%
32,VoxFormer,7,4,6,0,0,0,1,0%,0%,0%
33,VoxFormer,146,65,102,8,8,17,19,5%,8%,17%
34,VoxFormer,279,152,173,16,14,44,48,6%,9%,22%
35,VoxFormer,4,3,3,0,0,0,1,0%,0%,0%
36,VoxFormer,110,57,71,7,7,16,16,6%,10%,21%
37,VoxFormer,7,4,4,0,0,0,3,0%,0%,0%
38,VoxFormer,41,22,27,6,6,0,8,15%,22%,15%
39,VoxFormer,2,1,1,0,0,0,1,0%,0%,0%
40,VoxFormer,20,21,19,0,0,0,1,0%,0%,0%
41,VoxFormer,13,8,8,0,0,0,5,0%,0%,0%
42,VoxFormer,1,1,1,0,0,0,0,0%,0%,0%
43,VoxFormer,1,1,1,0,0,0,0,0%,0%,0%
44,VoxFormer,131,66,77,7,7,27,20,5%,9%,26%
45,VoxFormer,18,8,13,5,5,0,0,28%,38%,28%
46,VoxFormer,211,35,200,1,1,0,10,0%,0%,0%
47,VoxFormer,211,35,200,1,1,0,10,0%,0%,0%
48,VoxFormer,130,33,110,11,4,0,16,8%,10%,8%
49,VoxFormer,239,129,127,35,30,23,59,15%,28%,24%
50,VoxFormer,156,88,125,6,2,9,20,4%,5%,10%
51,VoxFormer,364,197,213,61,52,12,87,17%,29%,20%
52,VoxFormer,50,41,38,3,3,0,9,6%,8%,6%
53,VoxFormer,174,98,76,22,19,50,29,13%,29%,41%
54,VoxFormer,117,72,70,13,13,8,26,11%,19%,18%
55,VoxFormer,54,41,43,0,0,0,11,0%,0%,0%
56,VoxFormer,8,3,7,0,0,0,1,0%,0%,0%
57,VoxFormer,341,236,258,23,16,0,67,7%,9%,7%
58,VoxFormer,72,50,48,6,4,8,12,8%,12%,19%
59,VoxFormer,71,27,25,20,20,13,13,28%,80%,46%
60,VoxFormer,3,3,3,0,0,0,0,0%,0%,0%
61,VoxFormer,85,29,36,33,33,0,16,39%,92%,39%
62,VoxFormer,148,117,115,3,3,0,30,2%,3%,2%
63,VoxFormer,209,128,161,2,1,0,47,1%,1%,1%
64,VoxFormer,158,96,116,1,1,0,41,1%,1%,1%
65,VoxFormer,9,5,7,1,1,0,1,11%,14%,11%
66,VoxFormer,286,135,207,37,28,0,51,13%,18%,13%
67,pylot,279,141,227,9,9,0,43,3%,4%,3%
68,pylot,274,134,226,11,10,0,38,4%,5%,4%
69,pylot,46,2,45,3,0,0,1,7%,7%,7%
70,pylot,321,137,267,14,14,0,40,4%,5%,4%
71,pylot,532,194,390,31,32,15,95,6%,8%,9%
72,pylot,0,0,0,0,0,0,0,0%,0%,0%
73,pylot,993,345,798,5,5,63,127,1%,1%,7%
74,pylot,1081,480,477,22,36,363,205,2%,5%,36%
75,pylot,619,200,349,16,16,190,64,3%,5%,33%
76,pylot,67,30,38,0,1,18,10,0%,0%,27%
77,pylot,65,31,33,2,3,18,11,3%,6%,31%
78,pylot,66,31,33,1,2,21,10,2%,3%,33%
79,pylot,0,0,0,0,0,0,0,0%,0%,0%
80,pylot,62,29,32,1,2,18,10,2%,3%,31%
81,pylot,54,25,26,0,2,18,8,0%,0%,33%
82,pylot,58,25,27,1,2,21,8,2%,4%,38%
83,pylot,64,30,35,0,1,18,10,0%,0%,28%
84,pylot,65,30,36,0,1,18,10,0%,0%,28%
85,pylot,270,133,190,26,27,17,36,10%,14%,16%
86,pylot,179,66,89,10,10,49,31,6%,11%,33%
87,pylot,110,49,75,11,10,6,19,10%,15%,15%
88,pylot,122,52,72,8,8,23,19,7%,11%,25%
89,pylot,178,82,114,23,23,21,20,13%,20%,25%
90,pylot,130,53,73,13,13,23,21,10%,18%,28%
91,pylot,95,36,47,10,10,21,17,11%,21%,33%
92,pylot,0,0,0,0,0,0,0,0%,0%,0%
93,pylot,178,82,117,20,21,21,19,11%,17%,23%
94,pylot,202,111,135,22,22,6,39,11%,16%,14%
95,pylot,678,194,246,26,34,287,111,4%,11%,46%
96,pylot,73,44,46,0,0,14,13,0%,0%,19%
97,pylot,111,47,58,11,11,21,21,10%,19%,29%
98,pylot,74,44,45,0,0,14,15,0%,0%,19%
99,pylot,81,48,51,3,5,10,15,4%,6%,16%
100,pylot,218,104,153,15,14,15,36,7%,10%,14%
101,pylot,18,6,15,1,1,0,2,6%,7%,6%
102,pylot,115,53,70,6,7,21,17,5%,9%,23%
103,pylot,0,0,0,0,0,0,0,0%,0%,0%
104,pylot,50,27,27,4,5,7,11,8%,15%,22%
105,pylot,26,10,10,0,0,10,6,0%,0%,38%
106,pylot,204,113,140,18,19,24,21,9%,13%,21%
107,pylot,258,137,178,12,12,44,24,5%,7%,22%
108,pylot,147,71,86,20,13,29,19,14%,23%,33%
109,pylot,42,24,27,5,6,3,6,12%,19%,19%
110,pylot,443,229,336,41,42,31,34,9%,12%,16%
111,pylot,213,139,151,13,19,19,24,6%,9%,15%
112,pylot,16,9,14,1,0,0,2,6%,7%,6%
113,pylot,267,136,187,25,27,30,23,9%,13%,21%
114,pylot,0,0,0,0,0,0,0,0%,0%,0%
115,pylot,70,38,53,8,9,0,8,11%,15%,11%
116,pylot,52,22,35,0,0,7,10,0%,0%,13%
117,pylot,90,41,57,6,6,17,10,7%,11%,26%
118,pylot,8,6,7,0,0,0,1,0%,0%,0%
119,pylot,0,0,0,0,0,0,0,0%,0%,0%
120,pylot,110,44,76,5,5,17,12,5%,7%,20%
121,pylot,20,13,19,0,0,0,1,0%,0%,0%
122,pylot,0,0,0,0,0,0,0,0%,0%,0%
123,pylot,24,21,22,1,1,0,1,4%,5%,4%
124,pylot,0,0,0,0,0,0,0,0%,0%,0%
125,pylot,152,71,118,4,5,14,15,3%,3%,12%
126,pylot,103,56,69,15,15,3,16,15%,22%,17%
127,pylot,302,111,143,33,33,78,48,11%,23%,37%
128,pylot,124,37,109,5,5,0,10,4%,5%,4%
129,pylot,0,0,0,0,0,0,0,0%,0%,0%
130,pylot,228,89,124,12,12,64,28,5%,10%,33%
131,pylot,160,69,93,8,8,38,21,5%,9%,29%
132,pylot,430,206,298,64,66,22,44,15%,21%,20%
133,pylot,587,311,370,26,31,100,86,4%,7%,21%
134,pylot,141,49,61,6,7,47,26,4%,10%,38%
135,pylot,144,77,102,2,2,23,17,1%,2%,17%
136,pylot,74,29,37,6,6,18,13,8%,16%,32%
137,pylot,395,199,276,32,39,36,44,8%,12%,17%
138,pylot,450,176,268,112,112,17,53,25%,42%,29%
139,pylot,0,0,0,0,0,0,0,0%,0%,0%
140,pylot,412,188,277,82,70,20,45,20%,30%,25%
141,pylot,0,0,0,0,0,0,0,0%,0%,0%
142,pylot,423,192,228,36,35,97,63,9%,16%,31%
143,pylot,195,120,115,9,13,40,27,5%,8%,25%
144,pylot,211,105,110,32,33,42,26,15%,29%,35%
145,pylot,190,98,117,0,7,37,29,0%,0%,19%
146,pylot,122,34,94,16,14,0,14,13%,17%,13%
147,pylot,0,0,0,0,0,0,0,0%,0%,0%
148,pylot,247,148,173,26,27,25,22,11%,15%,21%
149,pylot,353,135,150,3,4,123,76,1%,2%,36%
150,pylot,160,81,82,14,16,38,24,9%,17%,32%
151,pylot,139,77,104,5,6,8,21,4%,5%,9%
152,pylot,0,0,0,0,0,0,0,0%,0%,0%
153,pylot,46,31,36,0,0,0,10,0%,0%,0%
154,pylot,95,42,47,2,3,29,16,2%,4%,33%
155,pylot,322,151,206,43,25,50,41,13%,21%,29%
156,pylot,0,0,0,0,0,0,0,0%,0%,0%
157,pylot,102,43,61,5,5,21,15,5%,8%,25%
158,pylot,182,105,115,18,19,28,20,10%,16%,25%
159,pylot,0,0,0,0,0,0,0,0%,0%,0%
160,pylot,153,87,95,13,14,23,21,8%,14%,24%
161,pylot,126,80,97,7,7,5,17,6%,7%,10%
162,pylot,69,39,44,7,7,11,7,10%,16%,26%
163,pylot,199,105,130,19,20,25,24,10%,15%,22%
164,pylot,147,92,118,13,15,0,14,9%,11%,9%
165,pylot,67,38,45,2,2,11,9,3%,4%,19%
166,pylot,0,0,0,0,0,0,0,0%,0%,0%
167,pylot,276,176,232,12,13,9,22,4%,5%,8%
168,pylot,89,40,66,3,4,8,11,3%,5%,12%
169,pylot,20,9,7,0,0,9,4,0%,0%,45%
170,pylot,74,48,63,0,1,0,10,0%,0%,0%
171,pylot,88,58,56,5,7,13,12,6%,9%,20%
172,pylot,99,44,54,1,1,30,14,1%,2%,31%
173,pylot,210,94,131,16,15,25,39,8%,12%,20%
174,pylot,85,41,49,8,8,16,12,9%,16%,28%
175,pylot,423,163,304,34,20,63,36,8%,11%,23%
176,pylot,75,29,40,0,0,24,11,0%,0%,32%
177,pylot,0,0,0,0,0,0,0,0%,0%,0%
178,pylot,72,25,37,0,0,26,9,0%,0%,36%
179,pylot,173,78,105,11,12,29,27,6%,10%,23%
180,pylot,288,132,188,42,44,30,26,15%,22%,25%
181,pylot,589,286,370,41,45,84,90,7%,11%,21%
182,pylot,341,158,222,28,29,56,34,8%,13%,25%
183,pylot,166,73,101,12,9,29,27,7%,12%,25%
184,pylot,234,118,160,19,20,31,23,8%,12%,21%
185,pylot,202,103,129,21,19,27,27,10%,16%,24%
186,pylot,210,131,162,7,7,22,19,3%,4%,14%
187,pylot,128,66,84,1,2,21,21,1%,1%,17%
188,pylot,169,60,76,14,14,45,34,8%,18%,35%
189,pylot,51,23,46,4,4,0,1,8%,9%,8%
190,pylot,0,0,0,0,0,0,0,0%,0%,0%
191,pylot,108,58,70,4,4,21,13,4%,6%,23%
192,pylot,42,23,31,3,4,0,7,7%,10%,7%
193,pylot,65,34,32,1,1,20,12,2%,3%,32%
194,pylot,40,20,22,0,1,10,7,0%,0%,25%
195,pylot,140,96,112,16,8,0,20,11%,14%,11%
196,pylot,0,0,0,0,0,0,0,0%,0%,0%
197,pylot,392,201,229,29,0,99,64,7%,13%,33%
198,pylot,323,178,213,28,13,58,39,9%,13%,27%
199,pylot,0,0,0,0,0,0,0,0%,0%,0%
200,pylot,258,118,165,31,34,14,45,12%,19%,17%
201,pylot,81,27,32,0,1,34,14,0%,0%,42%
202,pylot,71,43,49,2,2,6,14,3%,4%,11%
203,pylot,432,247,356,21,21,8,47,5%,6%,7%
204,pylot,7,3,5,1,1,0,1,14%,20%,14%
205,pylot,0,0,0,0,0,0,0,0%,0%,0%
206,pylot,331,180,208,47,46,22,55,14%,23%,21%
207,pylot,198,116,144,12,12,0,42,6%,8%,6%
208,pylot,171,67,138,19,13,2,18,11%,14%,12%
209,pylot,288,88,193,24,30,25,40,8%,12%,17%
210,pylot,149,72,90,9,8,20,31,6%,10%,19%
211,pylot,29,18,15,2,5,0,9,7%,13%,7%
212,pylot,304,209,182,5,56,10,56,2%,3%,5%
213,pylot,0,0,0,0,0,0,0,0%,0%,0%
214,pylot,364,159,212,27,27,58,67,7%,13%,23%
215,pylot,141,91,91,2,0,32,18,1%,2%,24%
216,pylot,39,31,32,0,0,0,7,0%,0%,0%
217,pylot,121,67,93,12,3,5,20,10%,13%,14%
218,pylot,58,36,37,1,1,6,14,2%,3%,12%
219,pylot,134,56,99,12,13,0,22,9%,12%,9%
220,pylot,65,31,41,7,7,0,17,11%,17%,11%
221,pylot,59,56,56,1,0,0,3,2%,2%,2%
222,pylot,471,292,370,27,28,0,73,6%,7%,6%
223,pylot,300,121,168,19,19,57,56,6%,11%,25%
224,pylot,212,35,83,98,86,0,43,46%,118%,46%
225,Cam2BEV,136,71,70,39,39,0,27,29%,56%,29%
226,Cam2BEV,258,147,141,35,35,0,82,14%,25%,14%
227,Cam2BEV,185,119,120,39,39,0,26,21%,32%,21%
228,Cam2BEV,199,117,120,44,44,0,35,22%,37%,22%
229,Cam2BEV,41,7,11,23,23,0,7,56%,209%,56%
230,Cam2BEV,41,7,11,23,23,0,7,56%,209%,56%
231,Cam2BEV,158,84,90,37,35,0,33,23%,41%,23%
232,Cam2BEV,502,232,310,40,36,86,70,8%,13%,25%
233,Cam2BEV,247,158,152,33,32,7,56,13%,22%,16%
234,Cam2BEV,255,142,171,50,44,0,40,20%,29%,20%
235,Cam2BEV,201,134,131,42,40,0,30,21%,32%,21%
236,Cam2BEV,131,57,69,39,39,0,23,30%,57%,30%
237,Cam2BEV,33,2,7,28,24,0,2,85%,400%,85%
238,Cam2BEV,30,2,4,25,24,0,2,83%,625%,83%
239,PythonRobotics,0,0,0,0,0,0,0,0%,0%,0%
240,PythonRobotics,0,0,0,0,0,0,0,0%,0%,0%
241,PythonRobotics,86,52,53,6,2,4,27,7%,11%,12%
242,PythonRobotics,168,93,94,3,0,48,26,2%,3%,30%
243,PythonRobotics,240,163,164,38,16,36,24,16%,23%,31%
244,PythonRobotics,137,85,86,4,1,4,46,3%,5%,6%
245,PythonRobotics,0,0,0,0,0,0,0,0%,0%,0%
246,PythonRobotics,267,148,146,6,3,43,75,2%,4%,18%
247,PythonRobotics,177,99,94,8,7,37,39,5%,9%,25%
248,PythonRobotics,141,82,85,13,4,12,40,9%,15%,18%
249,PythonRobotics,3,3,3,0,0,0,0,0%,0%,0%
250,PythonRobotics,140,91,94,3,3,4,39,2%,3%,5%
251,PythonRobotics,269,178,182,21,12,9,66,8%,12%,11%
252,PythonRobotics,149,101,101,6,5,4,39,4%,6%,7%
253,PythonRobotics,0,0,0,0,0,0,0,0%,0%,0%
254,PythonRobotics,321,209,214,22,9,7,91,7%,10%,9%
255,PythonRobotics,77,17,13,5,5,34,25,6%,38%,51%
256,PythonRobotics,282,128,117,19,19,85,61,7%,16%,37%
257,PythonRobotics,9,1,0,5,5,2,2,56%,500%,78%
258,PythonRobotics,67,15,11,6,6,36,14,9%,55%,63%
259,PythonRobotics,66,41,34,5,5,12,15,8%,15%,26%
260,PythonRobotics,5,0,0,5,5,0,0,100%,500%,100%
261,PythonRobotics,180,50,38,10,10,80,52,6%,26%,50%
262,PythonRobotics,5,0,0,5,5,0,0,100%,500%,100%
263,PythonRobotics,184,45,44,16,16,82,42,9%,36%,53%
264,PythonRobotics,395,258,256,37,17,7,115,9%,14%,11%
265,PythonRobotics,205,134,128,19,11,13,53,9%,15%,16%
266,PythonRobotics,263,161,165,27,13,7,78,10%,16%,13%
267,PythonRobotics,425,284,278,38,16,7,124,9%,14%,11%
268,PythonRobotics,0,0,0,0,0,0,0,0%,0%,0%
269,PythonRobotics,215,145,147,22,9,8,51,10%,15%,14%
270,PythonRobotics,312,187,188,39,31,12,81,12%,21%,16%
271,PythonRobotics,236,169,169,9,4,4,59,4%,5%,6%
272,PythonRobotics,616,378,397,51,33,54,132,8%,13%,17%
273,PythonRobotics,621,438,416,50,13,26,166,8%,12%,12%
274,PythonRobotics,0,0,0,0,0,0,0,0%,0%,0%
275,PythonRobotics,288,182,183,16,9,12,84,6%,9%,10%
276,PythonRobotics,217,115,107,18,12,47,51,8%,17%,30%
277,PythonRobotics,12,8,8,0,0,0,4,0%,0%,0%
278,PythonRobotics,11,7,7,1,0,0,4,9%,14%,9%
279,PythonRobotics,12,8,8,0,0,0,4,0%,0%,0%
280,PythonRobotics,11,7,7,1,0,0,4,9%,14%,9%
281,PythonRobotics,11,7,7,0,0,0,4,0%,0%,0%
282,PythonRobotics,92,54,63,18,0,0,29,20%,29%,20%
283,PythonRobotics,11,7,7,1,0,0,4,9%,14%,9%
284,PythonRobotics,48,17,37,2,2,0,9,4%,5%,4%
285,PythonRobotics,27,15,19,1,0,0,8,4%,5%,4%
286,PythonRobotics,13,10,9,1,1,0,3,8%,11%,8%
287,PythonRobotics,118,45,98,0,0,0,20,0%,0%,0%
288,PythonRobotics,12,7,8,1,0,0,4,8%,12%,8%
289,PythonRobotics,11,7,7,1,0,0,4,9%,14%,9%
290,PythonRobotics,13,9,9,0,0,0,4,0%,0%,0%
291,PythonRobotics,11,7,7,1,0,0,4,9%,14%,9%
292,PythonRobotics,11,7,7,0,0,0,4,0%,0%,0%
293,PythonRobotics,36,17,24,3,2,0,10,8%,12%,8%
294,PythonRobotics,12,8,8,0,0,0,4,0%,0%,0%
295,PythonRobotics,14,9,9,0,0,0,5,0%,0%,0%
296,PythonRobotics,11,7,7,1,0,0,4,9%,14%,9%
297,PythonRobotics,11,7,7,0,0,0,4,0%,0%,0%
298,PythonRobotics,20,12,15,1,0,0,5,5%,7%,5%
299,PythonRobotics,11,7,7,0,0,0,4,0%,0%,0%
300,PythonRobotics,18,9,13,0,0,0,5,0%,0%,0%
301,PythonRobotics,11,7,7,0,0,0,4,0%,0%,0%
302,PythonRobotics,12,8,8,1,0,0,4,8%,12%,8%
303,PythonRobotics,50,21,40,0,0,0,10,0%,0%,0%
304,PythonRobotics,11,7,7,0,0,0,4,0%,0%,0%
305,PythonRobotics,13,9,9,0,0,0,4,0%,0%,0%
306,PythonRobotics,11,7,7,0,0,0,4,0%,0%,0%
307,PythonRobotics,15,9,10,1,0,0,5,7%,10%,7%
308,PythonRobotics,11,7,7,0,0,0,4,0%,0%,0%
309,PythonRobotics,57,36,41,7,0,0,16,12%,17%,12%
310,PythonRobotics,11,7,7,1,0,0,4,9%,14%,9%
311,PythonRobotics,12,7,7,0,0,0,5,0%,0%,0%
312,PythonRobotics,11,7,7,1,0,0,4,9%,14%,9%
313,PythonRobotics,0,0,0,0,0,0,0,0%,0%,0%
314,PythonRobotics,11,7,7,1,0,0,4,9%,14%,9%
315,PythonRobotics,12,8,8,0,0,0,4,0%,0%,0%
316,PythonRobotics,11,7,7,0,0,0,4,0%,0%,0%
317,PythonRobotics,11,7,7,1,0,0,4,9%,14%,9%
318,PythonRobotics,58,34,42,2,1,0,15,3%,5%,3%
319,PythonRobotics,44,28,28,5,5,0,11,11%,18%,11%
320,PythonRobotics,16,10,10,0,0,0,6,0%,0%,0%
321,PythonRobotics,12,7,8,1,0,0,4,8%,12%,8%
322,PythonRobotics,11,7,7,1,0,0,4,9%,14%,9%
323,PythonRobotics,11,7,7,0,0,0,4,0%,0%,0%
324,PythonRobotics,19,12,12,1,0,0,7,5%,8%,5%
325,PythonRobotics,11,7,7,0,0,0,4,0%,0%,0%
326,PythonRobotics,21,13,13,0,0,0,8,0%,0%,0%
327,PythonRobotics,74,38,48,3,0,0,26,4%,6%,4%
328,PythonRobotics,14,9,9,1,0,0,5,7%,11%,7%
329,PythonRobotics,11,7,7,1,0,0,4,9%,14%,9%
330,PythonRobotics,11,7,7,0,0,0,4,0%,0%,0%
331,PythonRobotics,11,7,7,0,0,0,4,0%,0%,0%
332,PythonRobotics,12,7,8,0,0,0,4,0%,0%,0%
333,PythonRobotics,29,19,20,0,0,0,9,0%,0%,0%
334,PythonRobotics,11,7,7,0,0,0,4,0%,0%,0%
335,PythonRobotics,11,7,7,1,0,0,4,9%,14%,9%
336,PythonRobotics,11,7,7,1,0,0,4,9%,14%,9%
337,PythonRobotics,63,39,44,3,0,0,19,5%,7%,5%
338,PythonRobotics,11,7,7,1,0,0,4,9%,14%,9%
339,PythonRobotics,18,10,11,1,0,0,7,6%,9%,6%
340,PythonRobotics,16,10,10,1,0,0,6,6%,10%,6%
341,PythonRobotics,11,7,7,0,0,0,4,0%,0%,0%
342,PythonRobotics,11,7,7,0,0,0,4,0%,0%,0%
343,PythonRobotics,11,7,7,1,0,0,4,9%,14%,9%
344,PythonRobotics,14,8,7,1,0,3,4,7%,14%,29%
345,PythonRobotics,11,7,7,0,0,0,4,0%,0%,0%
346,PythonRobotics,22,13,12,1,0,4,6,5%,8%,23%
347,PythonRobotics,11,7,7,0,0,0,4,0%,0%,0%
348,PythonRobotics,15,11,11,1,0,0,4,7%,9%,7%
349,PythonRobotics,11,7,7,0,0,0,4,0%,0%,0%
350,PythonRobotics,12,8,8,0,0,0,4,0%,0%,0%
351,PythonRobotics,14,9,9,1,0,0,5,7%,11%,7%
352,PythonRobotics,11,7,7,0,0,0,4,0%,0%,0%
353,PythonRobotics,49,31,33,3,3,0,13,6%,9%,6%
354,PythonRobotics,16,10,10,0,0,0,6,0%,0%,0%
355,PythonRobotics,138,48,71,2,4,38,25,1%,3%,29%
356,PythonRobotics,11,7,7,1,0,0,4,9%,14%,9%
357,PythonRobotics,11,7,7,1,0,0,4,9%,14%,9%
358,PythonRobotics,165,64,76,3,4,58,27,2%,4%,37%
359,PythonRobotics,83,25,22,0,0,41,20,0%,0%,49%
360,PythonRobotics,0,0,0,0,0,0,0,0%,0%,0%
361,PythonRobotics,185,32,70,85,73,0,42,46%,121%,46%
362,PythonRobotics,0,0,0,0,0,0,0,0%,0%,0%
363,PythonRobotics,672,317,440,57,36,66,130,8%,13%,18%
364,PythonRobotics,212,109,112,7,7,49,44,3%,6%,26%
365,PythonRobotics,87,56,64,2,1,4,18,2%,3%,7%
366,PythonRobotics,3,3,3,0,0,0,0,0%,0%,0%
367,PythonRobotics,76,31,58,0,0,4,14,0%,0%,5%
368,PythonRobotics,0,0,0,0,0,0,0,0%,0%,0%
369,PythonRobotics,0,0,0,0,0,0,0,0%,0%,0%
370,PythonRobotics,205,107,156,20,15,4,30,10%,13%,12%
371,PythonRobotics,0,0,0,0,0,0,0,0%,0%,0%
372,PythonRobotics,192,106,120,16,6,16,50,8%,13%,17%
373,PythonRobotics,187,119,126,16,5,7,49,9%,13%,12%
374,PythonRobotics,190,83,91,19,17,36,46,10%,21%,29%
375,PythonRobotics,240,116,142,3,5,41,52,1%,2%,18%
376,PythonRobotics,0,0,0,0,0,0,0,0%,0%,0%
377,PythonRobotics,0,0,0,0,0,0,0,0%,0%,0%
378,PythonRobotics,380,256,266,27,9,7,98,7%,10%,9%
379,PythonRobotics,483,380,413,3,3,23,44,1%,1%,5%
380,PythonRobotics,282,167,182,26,13,30,57,9%,14%,20%
381,PythonRobotics,369,262,252,60,44,24,49,16%,24%,23%
382,PythonRobotics,110,62,69,2,2,4,35,2%,3%,5%
383,PythonRobotics,0,0,0,0,0,0,0,0%,0%,0%
384,PythonRobotics,89,62,56,10,5,0,28,11%,18%,11%
385,PythonRobotics,162,99,107,11,5,7,43,7%,10%,11%
386,PythonRobotics,152,60,66,2,1,56,29,1%,3%,38%
387,PythonRobotics,176,98,112,11,9,13,42,6%,10%,14%
388,PythonRobotics,4,3,3,0,0,0,1,0%,0%,0%
389,PythonRobotics,113,71,71,14,3,4,35,12%,20%,16%
390,PythonRobotics,440,284,310,24,10,12,108,5%,8%,8%
391,PythonRobotics,227,163,158,13,13,24,32,6%,8%,16%
392,PythonRobotics,324,207,219,42,16,9,80,13%,19%,16%
393,PythonRobotics,258,152,165,21,10,29,54,8%,13%,19%
394,PythonRobotics,317,187,212,22,11,29,65,7%,10%,16%
395,PythonRobotics,241,143,159,8,4,19,59,3%,5%,11%
396,PythonRobotics,242,184,184,1,0,12,46,0%,1%,5%
397,PythonRobotics,0,0,0,0,0,0,0,0%,0%,0%
398,PythonRobotics,186,118,121,19,5,11,49,10%,16%,16%
399,PythonRobotics,140,88,90,9,7,17,26,6%,10%,19%
400,PythonRobotics,255,151,164,21,10,29,52,8%,13%,20%
401,PythonRobotics,0,0,0,0,0,0,0,0%,0%,0%
402,PythonRobotics,44,33,35,2,2,0,7,5%,6%,5%
403,PythonRobotics,222,126,158,9,3,4,57,4%,6%,6%
404,PythonRobotics,457,285,298,64,63,30,66,14%,21%,21%
405,PythonRobotics,0,0,0,0,0,0,0,0%,0%,0%
406,PythonRobotics,317,178,189,16,3,62,63,5%,8%,25%
407,PythonRobotics,361,206,221,36,36,49,55,10%,16%,24%
408,PythonRobotics,261,147,149,8,4,38,70,3%,5%,18%
409,PythonRobotics,350,235,254,24,19,8,69,7%,9%,9%
410,PythonRobotics,347,204,229,29,17,29,72,8%,13%,17%
411,PythonRobotics,218,135,148,8,5,22,43,4%,5%,14%
412,PythonRobotics,215,110,107,25,11,52,45,12%,23%,36%
413,PythonRobotics,192,106,117,3,3,27,45,2%,3%,16%
414,PythonRobotics,238,144,159,14,5,22,52,6%,9%,15%
415,PythonRobotics,0,0,0,0,0,0,0,0%,0%,0%
416,PythonRobotics,261,154,176,8,5,22,58,3%,5%,11%
417,PythonRobotics,146,84,83,12,5,12,46,8%,14%,16%
418,PythonRobotics,145,90,96,11,8,4,37,8%,11%,10%
419,PythonRobotics,278,159,176,11,4,38,60,4%,6%,18%
420,PythonRobotics,0,0,0,0,0,0,0,0%,0%,0%
421,PythonRobotics,291,173,203,15,4,23,61,5%,7%,13%
422,PythonRobotics,911,232,240,54,54,356,261,6%,22%,45%
423,PythonRobotics,1,1,1,0,0,0,0,0%,0%,0%
424,PythonRobotics,313,211,222,26,26,15,50,8%,12%,13%
425,PythonRobotics,333,270,272,1,1,31,29,0%,0%,10%
426,PythonRobotics,635,388,454,74,69,12,100,12%,16%,14%
427,PythonRobotics,0,0,0,0,0,0,0,0%,0%,0%
428,PythonRobotics,287,136,172,9,6,60,49,3%,5%,24%
429,PythonRobotics,259,161,173,24,11,22,53,9%,14%,18%
430,PythonRobotics,308,190,196,39,21,28,63,13%,20%,22%
431,PythonRobotics,0,0,0,0,0,0,0,0%,0%,0%
432,PythonRobotics,388,168,160,7,4,151,73,2%,4%,41%
433,PythonRobotics,55,40,42,1,0,0,13,2%,2%,2%
434,PythonRobotics,199,126,133,23,11,6,49,12%,17%,15%
435,PythonRobotics,312,182,186,23,11,39,76,7%,12%,20%
436,PythonRobotics,230,133,141,22,4,31,54,10%,16%,23%
437,PythonRobotics,278,164,180,24,12,29,57,9%,13%,19%
438,PythonRobotics,427,278,337,40,32,11,47,9%,12%,12%
439,PythonRobotics,79,49,48,5,2,4,25,6%,10%,11%
440,PythonRobotics,216,125,145,8,7,11,53,4%,6%,9%
441,PythonRobotics,300,191,192,35,26,4,78,12%,18%,13%
442,PythonRobotics,246,149,165,12,5,22,54,5%,7%,14%
443,PythonRobotics,343,198,206,2,2,56,79,1%,1%,17%
444,PythonRobotics,0,0,0,0,0,0,0,0%,0%,0%
445,PythonRobotics,324,207,234,16,13,4,73,5%,7%,6%
446,PythonRobotics,0,0,0,0,0,0,0,0%,0%,0%
447,PythonRobotics,245,156,158,24,12,10,65,10%,15%,14%
448,PythonRobotics,264,173,170,26,13,10,71,10%,15%,14%
449,PythonRobotics,246,156,159,9,1,40,46,4%,6%,20%
450,PythonRobotics,264,152,169,26,10,6,79,10%,15%,12%
451,PythonRobotics,212,116,131,23,11,17,53,11%,18%,19%
452,PythonRobotics,263,168,166,32,15,14,68,12%,19%,17%
453,PythonRobotics,0,0,0,0,0,0,0,0%,0%,0%
454,PythonRobotics,299,190,194,8,8,42,55,3%,4%,17%
455,PythonRobotics,268,168,173,3,2,41,52,1%,2%,16%
456,PythonRobotics,214,147,164,0,0,4,46,0%,0%,2%
457,PythonRobotics,35,13,23,2,2,4,6,6%,9%,17%
458,PythonRobotics,3,3,3,0,0,0,0,0%,0%,0%
459,PythonRobotics,33,14,20,2,2,4,7,6%,10%,18%
460,PythonRobotics,0,0,0,0,0,0,0,0%,0%,0%
461,PythonRobotics,167,118,115,6,5,15,32,4%,5%,13%
462,PythonRobotics,76,49,52,4,1,4,19,5%,8%,11%
463,PythonRobotics,143,83,86,10,7,14,36,7%,12%,17%
464,PythonRobotics,405,266,304,15,10,20,71,4%,5%,9%
465,SqueezeSeg,919,390,588,47,48,149,134,5%,8%,21%
466,SqueezeSeg,1,0,0,1,1,0,0,100%,100%,100%
467,SqueezeSeg,220,132,164,10,11,0,45,5%,6%,5%
468,SqueezeSeg,238,132,178,16,16,0,44,7%,9%,7%
469,SqueezeSeg,103,57,77,4,5,0,21,4%,5%,4%
470,SqueezeSeg,50,34,35,2,4,0,11,4%,6%,4%
471,SqueezeSeg,134,40,63,34,35,0,36,25%,54%,25%
472,SqueezeSeg,1,1,1,0,0,0,0,0%,0%,0%
473,SqueezeSeg,166,87,98,5,7,29,32,3%,5%,20%
474,SqueezeSeg,1,0,0,1,1,0,0,100%,100%,100%
475,SqueezeSeg,1,1,1,0,0,0,0,0%,0%,0%
476,SqueezeSeg,171,69,114,3,4,23,30,2%,3%,15%
477,SqueezeSeg,48,29,31,6,7,0,10,12%,19%,12%
478,SqueezeSeg,1,1,1,0,0,0,0,0%,0%,0%
479,SqueezeSeg,117,79,74,8,9,12,22,7%,11%,17%
480,CVPR2023-3D-Occupancy-Prediction,266,144,216,28,28,0,22,11%,13%,11%
481,CVPR2023-3D-Occupancy-Prediction,259,138,199,37,35,0,25,14%,19%,14%
482,CVPR2023-3D-Occupancy-Prediction,206,47,131,32,32,22,21,16%,24%,26%
483,CVPR2023-3D-Occupancy-Prediction,49,29,34,4,3,0,12,8%,12%,8%
484,CVPR2023-3D-Occupancy-Prediction,26,16,17,1,1,0,8,4%,6%,4%
485,CVPR2023-3D-Occupancy-Prediction,67,44,46,5,4,4,13,7%,11%,13%
486,CVPR2023-3D-Occupancy-Prediction,240,107,197,17,19,0,24,7%,9%,7%
487,CVPR2023-3D-Occupancy-Prediction,98,60,71,11,11,0,16,11%,15%,11%
488,CVPR2023-3D-Occupancy-Prediction,0,0,0,0,0,0,0,0%,0%,0%
489,CVPR2023-3D-Occupancy-Prediction,477,236,319,37,37,59,62,8%,12%,20%
490,CVPR2023-3D-Occupancy-Prediction,10,7,7,2,2,0,1,20%,29%,20%
491,CVPR2023-3D-Occupancy-Prediction,201,134,164,14,14,0,23,7%,9%,7%
492,CVPR2023-3D-Occupancy-Prediction,1,0,0,1,1,0,0,100%,100%,100%
493,CVPR2023-3D-Occupancy-Prediction,700,354,474,49,39,94,93,7%,10%,20%
494,CVPR2023-3D-Occupancy-Prediction,672,339,456,48,38,94,84,7%,11%,21%
495,CVPR2023-3D-Occupancy-Prediction,338,185,265,20,19,20,34,6%,8%,12%
496,CVPR2023-3D-Occupancy-Prediction,271,146,211,33,32,0,28,12%,16%,12%
497,CVPR2023-3D-Occupancy-Prediction,152,83,103,8,8,11,30,5%,8%,12%
498,CVPR2023-3D-Occupancy-Prediction,89,72,69,5,6,0,14,6%,7%,6%
499,CVPR2023-3D-Occupancy-Prediction,35,23,23,4,4,0,8,11%,17%,11%
500,CVPR2023-3D-Occupancy-Prediction,0,0,0,0,0,0,0,0%,0%,0%
501,CVPR2023-3D-Occupancy-Prediction,11,9,11,0,0,0,0,0%,0%,0%
502,CVPR2023-3D-Occupancy-Prediction,92,52,59,13,14,0,19,14%,22%,14%
503,CVPR2023-3D-Occupancy-Prediction,1,1,1,0,0,0,0,0%,0%,0%
504,CVPR2023-3D-Occupancy-Prediction,53,55,40,4,4,0,9,8%,10%,8%
505,CVPR2023-3D-Occupancy-Prediction,3,2,2,0,0,0,1,0%,0%,0%
506,CVPR2023-3D-Occupancy-Prediction,122,62,71,1,1,32,18,1%,1%,27%
507,CVPR2023-3D-Occupancy-Prediction,27,11,9,0,0,14,4,0%,0%,52%
508,CVPR2023-3D-Occupancy-Prediction,4,3,3,0,0,0,1,0%,0%,0%
509,CVPR2023-3D-Occupancy-Prediction,136,46,61,11,11,51,13,8%,18%,46%
510,CVPR2023-3D-Occupancy-Prediction,3,2,2,0,0,0,1,0%,0%,0%
511,CVPR2023-3D-Occupancy-Prediction,7,4,6,0,0,0,1,0%,0%,0%
512,CVPR2023-3D-Occupancy-Prediction,292,177,202,6,6,50,34,2%,3%,19%
513,CVPR2023-3D-Occupancy-Prediction,146,65,102,8,8,17,19,5%,8%,17%
514,CVPR2023-3D-Occupancy-Prediction,751,428,495,52,50,93,113,7%,11%,19%
515,CVPR2023-3D-Occupancy-Prediction,239,131,151,13,12,29,47,5%,9%,18%
516,CVPR2023-3D-Occupancy-Prediction,259,176,192,5,5,35,27,2%,3%,15%
517,CVPR2023-3D-Occupancy-Prediction,46,25,27,1,2,8,9,2%,4%,20%
518,CVPR2023-3D-Occupancy-Prediction,331,146,159,10,12,114,46,3%,6%,37%
519,CVPR2023-3D-Occupancy-Prediction,9,4,9,0,0,0,0,0%,0%,0%
520,CVPR2023-3D-Occupancy-Prediction,39,15,14,2,2,18,5,5%,14%,51%
521,CVPR2023-3D-Occupancy-Prediction,4,3,3,0,0,0,1,0%,0%,0%
522,CVPR2023-3D-Occupancy-Prediction,110,57,71,7,7,16,16,6%,10%,21%
523,CVPR2023-3D-Occupancy-Prediction,7,4,4,0,0,0,3,0%,0%,0%
524,CVPR2023-3D-Occupancy-Prediction,41,22,27,6,6,0,8,15%,22%,15%
525,CVPR2023-3D-Occupancy-Prediction,6,5,5,0,0,0,1,0%,0%,0%
526,CVPR2023-3D-Occupancy-Prediction,20,21,19,0,0,0,1,0%,0%,0%
527,CVPR2023-3D-Occupancy-Prediction,124,118,112,1,0,0,12,1%,1%,1%
528,CVPR2023-3D-Occupancy-Prediction,34,24,24,7,7,0,3,21%,29%,21%
529,CVPR2023-3D-Occupancy-Prediction,24,20,20,0,0,0,4,0%,0%,0%
530,CVPR2023-3D-Occupancy-Prediction,71,37,41,0,1,20,9,0%,0%,28%
531,CVPR2023-3D-Occupancy-Prediction,13,8,8,0,0,0,5,0%,0%,0%
532,CVPR2023-3D-Occupancy-Prediction,1,1,1,0,0,0,0,0%,0%,0%
533,CVPR2023-3D-Occupancy-Prediction,375,172,303,9,9,8,55,2%,3%,5%
534,CVPR2023-3D-Occupancy-Prediction,3,2,2,0,0,0,1,0%,0%,0%
535,CVPR2023-3D-Occupancy-Prediction,1,1,1,0,0,0,0,0%,0%,0%
536,CVPR2023-3D-Occupancy-Prediction,131,66,77,7,7,27,20,5%,9%,26%
537,CVPR2023-3D-Occupancy-Prediction,6,5,5,0,0,0,1,0%,0%,0%
538,CVPR2023-3D-Occupancy-Prediction,1,1,1,0,0,0,0,0%,0%,0%
539,CVPR2023-3D-Occupancy-Prediction,207,95,140,16,13,32,22,8%,11%,23%
540,CVPR2023-3D-Occupancy-Prediction,3,2,2,1,1,0,0,33%,50%,33%
541,CVPR2023-3D-Occupancy-Prediction,207,113,119,30,28,40,20,14%,25%,34%
542,CVPR2023-3D-Occupancy-Prediction,67,15,48,5,5,8,6,7%,10%,19%
543,CVPR2023-3D-Occupancy-Prediction,200,86,158,27,22,0,20,14%,17%,14%
544,CVPR2023-3D-Occupancy-Prediction,97,55,71,7,7,8,11,7%,10%,15%
545,CVPR2023-3D-Occupancy-Prediction,1,1,1,0,0,0,0,0%,0%,0%
546,CVPR2023-3D-Occupancy-Prediction,1,1,1,0,0,0,0,0%,0%,0%
547,CVPR2023-3D-Occupancy-Prediction,14,9,9,0,0,0,5,0%,0%,0%
548,CVPR2023-3D-Occupancy-Prediction,1,1,1,0,0,0,0,0%,0%,0%
549,CVPR2023-3D-Occupancy-Prediction,298,139,187,19,23,52,36,6%,10%,24%
550,CVPR2023-3D-Occupancy-Prediction,345,147,203,11,11,90,41,3%,5%,29%
551,CVPR2023-3D-Occupancy-Prediction,163,45,84,5,5,52,22,3%,6%,35%
552,CVPR2023-3D-Occupancy-Prediction,6,6,6,0,0,0,0,0%,0%,0%
553,CVPR2023-3D-Occupancy-Prediction,408,149,262,20,13,83,50,5%,8%,25%
554,CVPR2023-3D-Occupancy-Prediction,352,145,264,15,13,48,27,4%,6%,18%
555,CVPR2023-3D-Occupancy-Prediction,262,95,167,14,10,59,26,5%,8%,28%
556,CVPR2023-3D-Occupancy-Prediction,289,130,205,12,10,48,26,4%,6%,21%
557,CVPR2023-3D-Occupancy-Prediction,272,112,161,15,16,58,37,6%,9%,27%
558,CVPR2023-3D-Occupancy-Prediction,400,168,236,13,15,105,44,3%,6%,30%
559,CVPR2023-3D-Occupancy-Prediction,18,8,13,5,5,0,0,28%,38%,28%
560,CVPR2023-3D-Occupancy-Prediction,136,11,115,20,20,0,1,15%,17%,15%
561,CVPR2023-3D-Occupancy-Prediction,143,12,129,13,10,0,4,9%,10%,9%
562,CVPR2023-3D-Occupancy-Prediction,114,10,108,4,3,0,3,4%,4%,4%
563,CVPR2023-3D-Occupancy-Prediction,142,11,121,22,20,0,1,15%,18%,15%
564,CVPR2023-3D-Occupancy-Prediction,100,10,95,4,4,0,1,4%,4%,4%
565,CVPR2023-3D-Occupancy-Prediction,128,8,123,5,3,0,2,4%,4%,4%
566,CVPR2023-3D-Occupancy-Prediction,132,9,126,6,4,0,2,5%,5%,5%
567,CVPR2023-3D-Occupancy-Prediction,138,12,126,10,8,0,4,7%,8%,7%
568,CVPR2023-3D-Occupancy-Prediction,136,11,115,20,20,0,1,15%,17%,15%
569,CVPR2023-3D-Occupancy-Prediction,107,8,103,4,2,0,2,4%,4%,4%
570,CVPR2023-3D-Occupancy-Prediction,48,7,48,0,0,0,0,0%,0%,0%
571,CVPR2023-3D-Occupancy-Prediction,145,12,131,13,10,0,4,9%,10%,9%
572,CVPR2023-3D-Occupancy-Prediction,140,12,128,10,8,0,4,7%,8%,7%
573,CVPR2023-3D-Occupancy-Prediction,59,8,59,0,0,0,0,0%,0%,0%
574,CVPR2023-3D-Occupancy-Prediction,139,11,133,8,4,0,2,6%,6%,6%
575,CVPR2023-3D-Occupancy-Prediction,83,3,83,1,0,0,0,1%,1%,1%
576,CVPR2023-3D-Occupancy-Prediction,7,2,6,0,0,0,1,0%,0%,0%
577,CVPR2023-3D-Occupancy-Prediction,108,1,107,1,0,0,1,1%,1%,1%
578,CVPR2023-3D-Occupancy-Prediction,89,2,88,4,0,0,1,4%,5%,4%
579,CVPR2023-3D-Occupancy-Prediction,77,1,77,1,0,0,0,1%,1%,1%
580,CVPR2023-3D-Occupancy-Prediction,22,2,16,6,5,0,1,27%,38%,27%
581,CVPR2023-3D-Occupancy-Prediction,108,2,103,13,5,0,0,12%,13%,12%
582,CVPR2023-3D-Occupancy-Prediction,100,2,95,13,5,0,0,13%,14%,13%
583,CVPR2023-3D-Occupancy-Prediction,96,2,91,9,5,0,0,9%,10%,9%
584,CVPR2023-3D-Occupancy-Prediction,74,1,74,7,0,0,0,9%,9%,9%
585,CVPR2023-3D-Occupancy-Prediction,71,1,71,1,0,0,0,1%,1%,1%
586,CVPR2023-3D-Occupancy-Prediction,49,1,48,9,1,0,0,18%,19%,18%
587,CVPR2023-3D-Occupancy-Prediction,83,3,83,1,0,0,0,1%,1%,1%
588,CVPR2023-3D-Occupancy-Prediction,341,4,338,1,0,0,3,0%,0%,0%
589,CVPR2023-3D-Occupancy-Prediction,28,2,26,2,1,0,1,7%,8%,7%
590,CVPR2023-3D-Occupancy-Prediction,201,3,199,10,1,0,1,5%,5%,5%
591,CVPR2023-3D-Occupancy-Prediction,22,2,16,6,5,0,1,27%,38%,27%
592,CVPR2023-3D-Occupancy-Prediction,35,1,34,4,1,0,0,11%,12%,11%
593,CVPR2023-3D-Occupancy-Prediction,93,2,92,6,0,0,1,6%,7%,6%
594,CVPR2023-3D-Occupancy-Prediction,200,1,199,2,1,0,0,1%,1%,1%
595,CVPR2023-3D-Occupancy-Prediction,73,1,73,1,0,0,0,1%,1%,1%
596,CVPR2023-3D-Occupancy-Prediction,124,1,123,2,1,0,0,2%,2%,2%
597,CVPR2023-3D-Occupancy-Prediction,20,6,15,4,2,0,3,20%,27%,20%
598,CVPR2023-3D-Occupancy-Prediction,9,5,5,3,3,0,1,33%,60%,33%
599,CVPR2023-3D-Occupancy-Prediction,11,4,9,2,2,0,0,18%,22%,18%
600,CVPR2023-3D-Occupancy-Prediction,14,5,10,4,4,0,0,29%,40%,29%
601,CVPR2023-3D-Occupancy-Prediction,9,5,5,5,4,0,0,56%,100%,56%
602,CVPR2023-3D-Occupancy-Prediction,31,6,16,14,14,0,1,45%,88%,45%
603,CVPR2023-3D-Occupancy-Prediction,9,5,5,3,3,0,1,33%,60%,33%
604,CVPR2023-3D-Occupancy-Prediction,9,5,5,3,3,0,1,33%,60%,33%
605,CVPR2023-3D-Occupancy-Prediction,24,5,15,8,8,0,1,33%,53%,33%
606,CVPR2023-3D-Occupancy-Prediction,141,11,120,22,20,0,1,16%,18%,16%
607,CVPR2023-3D-Occupancy-Prediction,241,33,222,17,5,0,14,7%,8%,7%
608,CVPR2023-3D-Occupancy-Prediction,242,33,220,17,5,0,17,7%,8%,7%
609,CVPR2023-3D-Occupancy-Prediction,183,137,148,35,16,0,19,19%,24%,19%
610,RTM3D,198,118,149,8,6,9,34,4%,5%,9%
611,RTM3D,283,199,201,22,22,9,51,8%,11%,11%
612,RTM3D,0,0,0,0,0,0,0,0%,0%,0%
613,RTM3D,231,147,148,25,26,10,47,11%,17%,15%
614,RTM3D,36,8,27,4,4,0,5,11%,15%,11%
615,RTM3D,0,0,0,0,0,0,0,0%,0%,0%
616,RTM3D,172,70,122,25,24,9,17,15%,20%,20%
617,RTM3D,71,46,44,1,2,9,16,1%,2%,14%
618,RTM3D,140,96,92,14,8,12,28,10%,15%,19%
619,RTM3D,237,166,157,14,10,19,51,6%,9%,14%
620,RTM3D,0,0,0,0,0,0,0,0%,0%,0%
621,RTM3D,49,20,19,1,1,16,13,2%,5%,35%
622,RTM3D,45,22,21,0,0,10,14,0%,0%,22%
623,RTM3D,127,72,83,12,13,9,22,9%,14%,17%
624,RTM3D,0,0,0,0,0,0,0,0%,0%,0%
625,RTM3D,256,164,178,12,12,12,54,5%,7%,9%
626,RTM3D,288,169,210,13,14,12,52,5%,6%,9%
627,RTM3D,0,0,0,0,0,0,0,0%,0%,0%
628,RTM3D,369,222,222,35,18,57,72,9%,16%,25%
629,RTM3D,434,300,314,52,32,10,78,12%,17%,14%
630,RTM3D,65,32,38,0,3,9,15,0%,0%,14%
631,Ultra-Fast-Lane-Detection,32,22,22,2,2,0,8,6%,9%,6%
632,Ultra-Fast-Lane-Detection,48,38,38,1,0,0,10,2%,3%,2%
633,Ultra-Fast-Lane-Detection,47,31,31,10,6,0,10,21%,32%,21%
634,Ultra-Fast-Lane-Detection,153,98,102,20,19,0,32,13%,20%,13%
635,Ultra-Fast-Lane-Detection,154,111,110,1,0,0,44,1%,1%,1%
636,Ultra-Fast-Lane-Detection,93,79,79,2,1,0,13,2%,3%,2%
637,Ultra-Fast-Lane-Detection,103,77,79,10,10,0,14,10%,13%,10%
638,Ultra-Fast-Lane-Detection,352,242,253,7,7,41,51,2%,3%,14%
639,Ultra-Fast-Lane-Detection,129,90,104,3,3,0,22,2%,3%,2%
640,Ultra-Fast-Lane-Detection,74,63,59,2,2,0,13,3%,3%,3%
641,Ultra-Fast-Lane-Detection,117,100,100,1,1,0,16,1%,1%,1%
642,Ultra-Fast-Lane-Detection,173,115,112,10,10,11,40,6%,9%,12%
643,Ultra-Fast-Lane-Detection,42,24,24,11,9,0,9,26%,46%,26%
644,Ultra-Fast-Lane-Detection,45,25,25,9,7,0,13,20%,36%,20%
645,Ultra-Fast-Lane-Detection,155,126,115,12,4,13,23,8%,10%,16%
646,Ultra-Fast-Lane-Detection,56,53,52,0,0,0,4,0%,0%,0%
647,Ultra-Fast-Lane-Detection,120,72,96,11,9,0,15,9%,11%,9%
648,Ultra-Fast-Lane-Detection,238,210,203,14,11,0,24,6%,7%,6%
649,Ultra-Fast-Lane-Detection,101,91,92,1,1,0,8,1%,1%,1%
650,Ultra-Fast-Lane-Detection,167,142,125,8,7,4,31,5%,6%,7%
651,Ultra-Fast-Lane-Detection,165,131,119,12,11,0,35,7%,10%,7%
652,Ultra-Fast-Lane-Detection,109,58,85,2,2,5,17,2%,2%,6%
653,Ultra-Fast-Lane-Detection,11,2,6,4,4,0,1,36%,67%,36%
654,l5kit,74,20,28,28,28,0,18,38%,100%,38%
655,l5kit,116,78,84,17,15,0,17,15%,20%,15%
656,l5kit,91,48,55,9,9,12,15,10%,16%,23%
657,l5kit,138,71,110,15,15,0,13,11%,14%,11%
658,l5kit,93,59,59,12,12,7,15,13%,20%,20%
659,l5kit,50,4,46,1,1,0,3,2%,2%,2%
660,l5kit,1,1,1,0,0,0,0,0%,0%,0%
661,l5kit,42,15,21,1,1,11,9,2%,5%,29%
662,l5kit,15,4,13,0,0,0,2,0%,0%,0%
663,l5kit,93,41,46,3,2,27,18,3%,7%,32%
664,l5kit,45,16,21,2,1,13,10,4%,10%,33%
665,l5kit,320,182,207,13,13,40,60,4%,6%,17%
666,l5kit,0,0,0,0,0,0,0,0%,0%,0%
667,l5kit,93,68,35,0,0,39,19,0%,0%,42%
668,l5kit,143,60,100,2,2,11,30,1%,2%,9%
669,l5kit,86,40,58,4,4,10,14,5%,7%,16%
670,l5kit,29,11,27,0,0,0,2,0%,0%,0%
671,l5kit,46,21,23,0,0,13,10,0%,0%,28%
672,l5kit,62,36,48,1,1,2,11,2%,2%,5%
673,l5kit,55,32,43,1,1,2,9,2%,2%,5%
674,l5kit,187,99,104,19,13,37,33,10%,18%,30%
675,l5kit,186,100,104,10,8,28,46,5%,10%,20%
676,l5kit,101,53,62,1,0,18,21,1%,2%,19%
677,l5kit,66,22,34,2,1,20,11,3%,6%,33%
678,l5kit,36,19,24,3,1,2,9,8%,12%,14%
679,l5kit,148,48,66,4,4,44,34,3%,6%,32%
680,l5kit,7,4,5,0,0,0,2,0%,0%,0%
681,l5kit,54,19,21,5,1,17,15,9%,24%,41%
682,l5kit,176,90,109,11,7,31,29,6%,10%,24%
683,l5kit,256,168,185,18,9,15,47,7%,10%,13%
684,l5kit,494,204,258,29,21,128,87,6%,11%,32%
685,l5kit,0,0,0,0,0,0,0,0%,0%,0%
686,l5kit,310,127,143,21,22,91,54,7%,15%,36%
687,l5kit,382,185,216,81,73,30,63,21%,38%,29%
688,l5kit,0,0,0,0,0,0,0,0%,0%,0%
689,l5kit,359,178,253,2,11,45,50,1%,1%,13%
690,l5kit,83,52,48,1,1,14,20,1%,2%,18%
691,l5kit,0,0,0,0,0,0,0,0%,0%,0%
692,l5kit,37,20,20,3,3,0,14,8%,15%,8%
693,l5kit,37,20,20,3,3,0,14,8%,15%,8%
694,l5kit,36,25,25,4,1,0,10,11%,16%,11%
695,l5kit,0,0,0,0,0,0,0,0%,0%,0%
696,l5kit,84,64,62,7,2,0,20,8%,11%,8%
697,l5kit,142,107,98,9,7,0,37,6%,9%,6%
698,l5kit,15,13,12,1,0,0,3,7%,8%,7%
699,l5kit,0,0,0,0,0,0,0,0%,0%,0%
700,l5kit,68,47,52,15,2,0,14,22%,29%,22%
701,l5kit,48,29,29,9,8,0,11,19%,31%,19%
702,l5kit,31,19,24,0,0,0,7,0%,0%,0%
703,l5kit,43,36,35,4,1,0,7,9%,11%,9%
704,l5kit,50,38,34,4,4,0,12,8%,12%,8%
705,l5kit,0,0,0,0,0,0,0,0%,0%,0%
706,l5kit,65,45,47,3,3,0,15,5%,6%,5%
707,l5kit,120,82,97,6,1,0,22,5%,6%,5%
708,l5kit,121,89,79,11,9,0,33,9%,14%,9%
709,l5kit,89,48,65,1,0,6,18,1%,2%,8%
710,l5kit,47,4,45,0,0,0,2,0%,0%,0%
711,l5kit,0,0,0,0,0,0,0,0%,0%,0%
712,l5kit,78,41,53,3,1,6,18,4%,6%,12%
713,l5kit,74,40,50,1,0,6,18,1%,2%,9%
714,l5kit,58,40,42,2,2,0,14,3%,5%,3%
715,l5kit,76,37,64,4,0,0,12,5%,6%,5%
716,l5kit,0,0,0,0,0,0,0,0%,0%,0%
717,l5kit,33,18,18,7,7,0,8,21%,39%,21%
718,l5kit,88,47,69,7,5,0,14,8%,10%,8%
719,l5kit,152,91,120,8,0,0,32,5%,7%,5%
720,l5kit,320,155,231,45,40,0,49,14%,19%,14%
721,l5kit,0,0,0,0,0,0,0,0%,0%,0%
722,l5kit,242,150,155,24,24,0,63,10%,15%,10%
723,l5kit,219,153,148,20,19,0,52,9%,14%,9%
724,l5kit,62,41,48,2,2,0,12,3%,4%,3%
725,l5kit,0,0,0,0,0,0,0,0%,0%,0%
726,l5kit,0,0,0,0,0,0,0,0%,0%,0%
727,l5kit,14,9,9,0,0,0,5,0%,0%,0%
728,l5kit,49,36,37,0,0,0,12,0%,0%,0%
729,l5kit,110,72,96,2,1,0,13,2%,2%,2%
730,l5kit,91,66,62,8,8,0,21,9%,13%,9%
731,l5kit,12,7,9,0,0,0,3,0%,0%,0%
732,l5kit,0,0,0,0,0,0,0,0%,0%,0%
733,l5kit,270,158,176,33,30,0,64,12%,19%,12%
734,l5kit,128,92,90,13,8,0,30,10%,14%,10%
735,l5kit,64,44,48,5,3,0,13,8%,10%,8%
736,l5kit,0,0,0,0,0,0,0,0%,0%,0%
737,l5kit,37,25,27,2,2,0,8,5%,7%,5%
738,l5kit,26,17,19,3,1,0,6,12%,16%,12%
739,l5kit,38,24,24,0,0,0,14,0%,0%,0%
740,l5kit,122,67,86,9,7,0,29,7%,10%,7%
741,l5kit,0,0,0,0,0,0,0,0%,0%,0%
742,l5kit,24,11,10,9,9,0,5,38%,90%,38%
743,l5kit,35,20,20,5,5,0,10,14%,25%,14%
744,l5kit,0,0,0,0,0,0,0,0%,0%,0%
745,l5kit,62,40,40,4,3,0,19,6%,10%,6%
746,l5kit,96,66,65,9,8,0,23,9%,14%,9%
747,l5kit,42,28,28,3,3,0,11,7%,11%,7%
748,l5kit,0,0,0,0,0,0,0,0%,0%,0%
749,l5kit,19,12,12,1,0,0,7,5%,8%,5%
750,l5kit,51,36,36,4,4,0,11,8%,11%,8%
751,l5kit,179,116,127,16,13,0,39,9%,13%,9%
752,l5kit,160,102,140,4,4,0,16,2%,3%,2%
753,l5kit,395,274,329,16,15,0,51,4%,5%,4%
754,l5kit,0,0,0,0,0,0,0,0%,0%,0%
755,l5kit,106,71,78,7,7,0,21,7%,9%,7%
756,l5kit,149,90,119,14,14,0,16,9%,12%,9%
757,l5kit,0,0,0,0,0,0,0,0%,0%,0%
758,l5kit,72,27,28,11,11,20,13,15%,39%,43%
759,l5kit,0,0,0,0,0,0,0,0%,0%,0%
760,l5kit,93,53,66,6,7,8,12,6%,9%,15%
761,l5kit,109,50,68,15,16,12,13,14%,22%,25%
762,l5kit,236,117,138,30,26,28,44,13%,22%,25%
763,l5kit,148,79,91,11,10,19,28,7%,12%,20%
764,l5kit,157,78,66,12,11,56,24,8%,18%,43%
765,l5kit,337,154,211,64,58,20,48,19%,30%,25%
766,l5kit,0,0,0,0,0,0,0,0%,0%,0%
767,l5kit,124,64,58,9,5,37,24,7%,16%,37%
768,l5kit,0,0,0,0,0,0,0,0%,0%,0%
769,l5kit,69,20,20,4,3,31,15,6%,20%,51%
770,l5kit,283,101,153,23,19,68,43,8%,15%,32%
771,l5kit,143,49,88,6,6,29,20,4%,7%,24%
772,l5kit,337,191,182,9,8,83,64,3%,5%,27%
773,l5kit,0,0,0,0,0,0,0,0%,0%,0%
774,l5kit,268,154,130,15,13,76,49,6%,12%,34%
775,l5kit,123,73,70,8,8,23,22,7%,11%,25%
776,l5kit,0,0,0,0,0,0,0,0%,0%,0%
777,l5kit,310,158,186,28,24,54,46,9%,15%,26%
778,l5kit,27,13,12,1,0,7,8,4%,8%,30%
779,l5kit,38,18,13,0,0,14,11,0%,0%,37%
780,l5kit,4,2,2,0,0,0,2,0%,0%,0%
781,l5kit,23,5,15,0,0,4,4,0%,0%,17%
782,l5kit,95,46,42,11,8,23,22,12%,26%,36%
783,l5kit,8,2,5,1,1,0,2,12%,20%,12%
784,l5kit,102,59,48,5,5,25,24,5%,10%,29%
785,l5kit,42,23,22,5,5,5,10,12%,23%,24%
786,l5kit,171,110,108,13,14,19,30,8%,12%,19%
787,l5kit,112,29,73,7,0,24,15,6%,10%,28%
788,l5kit,118,60,50,9,10,34,24,8%,18%,36%
789,l5kit,412,236,210,41,37,90,75,10%,20%,32%
790,l5kit,0,0,0,0,0,0,0,0%,0%,0%
791,l5kit,386,128,137,40,9,149,91,10%,29%,49%
792,l5kit,75,27,52,2,1,9,13,3%,4%,15%
793,l5kit,251,110,104,12,7,76,64,5%,12%,35%
794,l5kit,15,5,13,0,0,0,2,0%,0%,0%
795,l5kit,32,14,12,1,1,10,9,3%,8%,34%
796,l5kit,90,46,44,1,1,19,26,1%,2%,22%
797,l5kit,100,50,58,5,4,17,21,5%,9%,22%
798,l5kit,6,4,4,0,0,0,2,0%,0%,0%
799,l5kit,206,78,124,6,2,51,29,3%,5%,28%
800,l5kit,114,68,72,3,3,15,24,3%,4%,16%
801,l5kit,20,8,7,0,0,9,4,0%,0%,45%
802,l5kit,46,13,10,0,0,22,14,0%,0%,48%
803,l5kit,24,5,22,0,0,0,2,0%,0%,0%
804,l5kit,56,19,17,0,0,24,15,0%,0%,43%
805,l5kit,165,62,59,1,1,66,39,1%,2%,41%
806,l5kit,24,13,10,0,0,8,6,0%,0%,33%
807,l5kit,6,2,4,0,0,0,2,0%,0%,0%
808,l5kit,80,43,37,0,0,23,20,0%,0%,29%
809,l5kit,27,6,26,0,0,0,1,0%,0%,0%
810,l5kit,48,20,26,1,1,8,13,2%,4%,19%
811,l5kit,278,141,141,21,18,55,64,8%,15%,27%
812,l5kit,36,8,34,0,0,0,2,0%,0%,0%
813,l5kit,446,227,222,16,10,130,84,4%,7%,33%
814,l5kit,219,94,156,9,7,27,29,4%,6%,16%
815,l5kit,58,26,27,0,0,17,14,0%,0%,29%
816,l5kit,212,66,68,4,3,94,47,2%,6%,46%
817,l5kit,3563,498,3445,39,5,0,113,1%,1%,1%
818,l5kit,0,0,0,0,0,0,0,0%,0%,0%
819,l5kit,301,178,143,14,13,70,75,5%,10%,28%
820,l5kit,277,148,143,25,29,57,48,9%,17%,30%
821,l5kit,288,135,120,20,21,93,54,7%,17%,39%
822,l5kit,50,32,29,5,5,6,10,10%,17%,22%
823,l5kit,0,0,0,0,0,0,0,0%,0%,0%
824,l5kit,98,59,46,3,4,28,20,3%,7%,32%
825,l5kit,207,98,89,15,17,66,35,7%,17%,39%
826,MotionPlanning,536,392,391,27,0,4,141,5%,7%,6%
827,MotionPlanning,752,518,523,50,15,20,194,7%,10%,9%
828,MotionPlanning,264,173,180,10,0,12,72,4%,6%,8%
829,MotionPlanning,114,81,82,7,3,0,29,6%,9%,6%
830,MotionPlanning,352,242,242,16,9,3,98,5%,7%,5%
831,MotionPlanning,142,99,104,3,0,3,35,2%,3%,4%
832,MotionPlanning,43,24,27,0,0,3,13,0%,0%,7%
833,MotionPlanning,689,480,483,25,10,6,190,4%,5%,4%
834,MotionPlanning,262,166,158,9,8,41,55,3%,6%,19%
835,MotionPlanning,66,42,46,7,3,0,17,11%,15%,11%
836,MotionPlanning,207,157,156,0,0,3,48,0%,0%,1%
837,MotionPlanning,426,290,300,33,15,0,111,8%,11%,8%
838,MotionPlanning,81,62,61,0,0,0,20,0%,0%,0%
839,MotionPlanning,286,175,176,14,7,36,67,5%,8%,17%
840,MotionPlanning,536,287,294,23,16,100,126,4%,8%,23%
841,MotionPlanning,86,64,63,1,1,0,22,1%,2%,1%
842,MotionPlanning,360,247,247,41,12,4,97,11%,17%,12%
843,MotionPlanning,32,24,24,20,2,0,6,62%,83%,62%
844,MotionPlanning,430,273,264,33,4,57,105,8%,12%,21%
845,MotionPlanning,53,39,42,0,0,0,11,0%,0%,0%
846,MotionPlanning,315,200,198,25,11,35,71,8%,13%,19%
847,MotionPlanning,204,125,124,11,4,24,52,5%,9%,17%
848,MotionPlanning,79,61,60,0,0,0,19,0%,0%,0%
849,MotionPlanning,527,282,286,42,32,80,129,8%,15%,23%
